GeneA,guides_a,guides_b
4921501E09Rik,4921501E09Rik_1,4921501E09Rik_2
4930595M18Rik,4930595M18Rik_1,4930595M18Rik_2
8030462N17Rik,8030462N17Rik_1,8030462N17Rik_2
Aamp,Aamp_1,Aamp_2
Aamp,Aamp_1,Aamp_2
Abtb1,Abtb1_1,Abtb1_2
Abtb2,Abtb2_1,Abtb2_3
Acaca,Acaca_1,Acaca_2
Acaca,Acaca_1,Acaca_2
Ago2,Ago2_1,Ago2_2
Ago2,Ago2_1,Ago2_3
Ago2,Ago2_1,Ago2_2
Ago2,Ago2_2,Ago2_3
Ago2,Ago2_1,Ago2_3
Ago2,Ago2_2,Ago2_3
Ahctf1,Ahctf1_1,Ahctf1_2
Ahctf1,Ahctf1_1,Ahctf1_3
Ahctf1,Ahctf1_1,Ahctf1_2
Ahctf1,Ahctf1_2,Ahctf1_3
Ahctf1,Ahctf1_1,Ahctf1_3
Ahctf1,Ahctf1_2,Ahctf1_3
Ahr,Ahr_1,Ahr_2
Ahr,Ahr_1,Ahr_2
Akt1,Akt1_1,Akt1_2
Akt1,Akt1_1,Akt1_3
Akt1,Akt1_1,Akt1_2
Akt1,Akt1_2,Akt1_3
Akt1,Akt1_1,Akt1_3
Akt1,Akt1_2,Akt1_3
Ambra1,Ambra1_1,Ambra1_2
Ambra1,Ambra1_1,Ambra1_3
Ambra1,Ambra1_1,Ambra1_2
Ambra1,Ambra1_2,Ambra1_3
Ambra1,Ambra1_1,Ambra1_3
Ambra1,Ambra1_2,Ambra1_3
Amfr,Amfr_2,Amfr_3
Anapc1,Anapc1_1,Anapc1_3
Anapc10,Anapc10_1,Anapc10_2
Anapc11,Anapc11_2,Anapc11_3
Anapc13,Anapc13_2,Anapc13_3
Anapc2,Anapc2_1,Anapc2_2
Anapc4,Anapc4_1,Anapc4_3
Anapc4,Anapc4_1,Anapc4_3
Anapc5,Anapc5_1,Anapc5_2
Anapc5,Anapc5_1,Anapc5_3
Anapc5,Anapc5_1,Anapc5_2
Anapc5,Anapc5_2,Anapc5_3
Anapc5,Anapc5_1,Anapc5_3
Anapc5,Anapc5_2,Anapc5_3
Anapc7,Anapc7_1,Anapc7_2
Ankfy1,Ankfy1_1,Ankfy1_2
Ankfy1,Ankfy1_1,Ankfy1_3
Ankfy1,Ankfy1_1,Ankfy1_2
Ankfy1,Ankfy1_2,Ankfy1_3
Ankfy1,Ankfy1_1,Ankfy1_3
Ankfy1,Ankfy1_2,Ankfy1_3
Apaf1,Apaf1_1,Apaf1_3
Apbb1,Apbb1_1,Apbb1_3
Apc,Apc_2,Apc_3
Ar,Ar_1,Ar_3
Arel1,Arel1_1,Arel1_3
Arih1,Arih1_1,Arih1_2
Arih1,Arih1_1,Arih1_3
Arih1,Arih1_1,Arih1_2
Arih1,Arih1_2,Arih1_3
Arih1,Arih1_1,Arih1_3
Arih1,Arih1_2,Arih1_3
Arih2,Arih2_1,Arih2_2
Arih2,Arih2_1,Arih2_3
Arih2,Arih2_1,Arih2_2
Arih2,Arih2_2,Arih2_3
Arih2,Arih2_1,Arih2_3
Arih2,Arih2_2,Arih2_3
Armc8,Armc8_1,Armc8_3
Arnt,Arnt_1,Arnt_2
Arnt,Arnt_1,Arnt_3
Arnt,Arnt_1,Arnt_2
Arnt,Arnt_2,Arnt_3
Arnt,Arnt_1,Arnt_3
Arnt,Arnt_2,Arnt_3
Arpc1a,Arpc1a_1,Arpc1a_3
Arpc1b,Arpc1b_1,Arpc1b_2
Arpc1b,Arpc1b_1,Arpc1b_3
Arpc1b,Arpc1b_1,Arpc1b_2
Arpc1b,Arpc1b_2,Arpc1b_3
Arpc1b,Arpc1b_1,Arpc1b_3
Arpc1b,Arpc1b_2,Arpc1b_3
Arrb1,Arrb1_1,Arrb1_3
Asb1,Asb1_1,Asb1_2
Asb11,Asb11_1,Asb11_3
Asb12,Asb12_1,Asb12_3
Asb14,Asb14_2,Asb14_3
Asb15,Asb15_2,Asb15_3
Asb2,Asb2_2,Asb2_3
Asb3,Asb3_1,Asb3_2
Asb4,Asb4_1,Asb4_3
Asb6,Asb6_1,Asb6_3
Asb7,Asb7_1,Asb7_3
Asb9,Asb9_2,Asb9_3
Atg16l1,Atg16l1_1,Atg16l1_2
Atg16l2,Atg16l2_2,Atg16l2_3
Atg5,Atg5_1,Atg5_2
Atxn3,Atxn3_2,Atxn3_3
Aurka,Aurka_1,Aurka_2
Bach1,Bach1_1,Bach1_2
Bach1,Bach1_1,Bach1_3
Bach1,Bach1_1,Bach1_2
Bach1,Bach1_2,Bach1_3
Bach1,Bach1_1,Bach1_3
Bach1,Bach1_2,Bach1_3
Bard1,Bard1_1,Bard1_3
Baz1a,Baz1a_1,Baz1a_2
Baz1a,Baz1a_1,Baz1a_3
Baz1a,Baz1a_1,Baz1a_2
Baz1a,Baz1a_2,Baz1a_3
Baz1a,Baz1a_1,Baz1a_3
Baz1a,Baz1a_2,Baz1a_3
Baz1b,Baz1b_1,Baz1b_2
Bcl6,Bcl6_1,Bcl6_3
Bfar,Bfar_1,Bfar_2
Bid,Bid_1,Bid_3
Birc2,Birc2_1,Birc2_2
Birc2,Birc2_1,Birc2_3
Birc2,Birc2_1,Birc2_2
Birc2,Birc2_2,Birc2_3
Birc2,Birc2_1,Birc2_3
Birc2,Birc2_2,Birc2_3
Birc3,Birc3_1,Birc3_2
Bmi1,Bmi1_1,Bmi1_2
Bmi1,Bmi1_1,Bmi1_3
Bmi1,Bmi1_1,Bmi1_2
Bmi1,Bmi1_2,Bmi1_3
Bmi1,Bmi1_1,Bmi1_3
Bmi1,Bmi1_2,Bmi1_3
Bop1,Bop1_1,Bop1_2
Bop1,Bop1_1,Bop1_3
Bop1,Bop1_1,Bop1_2
Bop1,Bop1_2,Bop1_3
Bop1,Bop1_1,Bop1_3
Bop1,Bop1_2,Bop1_3
Bptf,Bptf_1,Bptf_2
Bptf,Bptf_1,Bptf_3
Bptf,Bptf_1,Bptf_2
Bptf,Bptf_2,Bptf_3
Bptf,Bptf_1,Bptf_3
Bptf,Bptf_2,Bptf_3
Brap,Brap_1,Brap_2
Brap,Brap_1,Brap_3
Brap,Brap_1,Brap_2
Brap,Brap_2,Brap_3
Brap,Brap_1,Brap_3
Brap,Brap_2,Brap_3
Brca1,Brca1_1,Brca1_3
Brca1,Brca1_1,Brca1_3
Brwd1,Brwd1_1,Brwd1_3
Brwd3,Brwd3_1,Brwd3_2
Brwd3,Brwd3_1,Brwd3_3
Brwd3,Brwd3_1,Brwd3_2
Brwd3,Brwd3_2,Brwd3_3
Brwd3,Brwd3_1,Brwd3_3
Brwd3,Brwd3_2,Brwd3_3
Btbd1,Btbd1_1,Btbd1_3
Btbd1,Btbd1_1,Btbd1_3
Btbd19,Btbd19_1,Btbd19_3
Btbd2,Btbd2_1,Btbd2_3
Btbd3,Btbd3_1,Btbd3_2
Btbd6,Btbd6_2,Btbd6_3
Btbd7,Btbd7_1,Btbd7_2
Btbd8,Btbd8_1,Btbd8_3
Btbd9,Btbd9_1,Btbd9_2
Btrc,Btrc_1,Btrc_2
Bub3,Bub3_1,Bub3_2
Bub3,Bub3_1,Bub3_3
Bub3,Bub3_1,Bub3_2
Bub3,Bub3_2,Bub3_3
Bub3,Bub3_1,Bub3_3
Bub3,Bub3_2,Bub3_3
Cacybp,Cacybp_1,Cacybp_3
Cadps2,Cadps2_1,Cadps2_3
Cbl,Cbl_1,Cbl_3
Cblb,Cblb_1,Cblb_2
Cblc,Cblc_1,Cblc_3
Cbll1,Cbll1_1,Cbll1_2
Cbll1,Cbll1_1,Cbll1_3
Cbll1,Cbll1_1,Cbll1_2
Cbll1,Cbll1_2,Cbll1_3
Cbll1,Cbll1_1,Cbll1_3
Cbll1,Cbll1_2,Cbll1_3
Ccin,Ccin_1,Ccin_2
Ccnb1ip1,Ccnb1ip1_2,Ccnb1ip1_3
Ccnb2,Ccnb2_2,Ccnb2_3
Ccnd1,Ccnd1_1,Ccnd1_3
Ccnf,Ccnf_1,Ccnf_2
Cd28,Cd28_1,Cd28_2
Cd28,Cd28_1,Cd28_2
Cd2ap,Cd2ap_2,Cd2ap_3
Cdc16,Cdc16_1,Cdc16_3
Cdc23,Cdc23_1,Cdc23_2
Cdc26,Cdc26_2,Cdc26_3
Cdc27,Cdc27_2,Cdc27_3
Cdc34,Cdc34_1,Cdc34_3
Cdc40,Cdc40_1,Cdc40_2
Cdc40,Cdc40_1,Cdc40_3
Cdc40,Cdc40_1,Cdc40_2
Cdc40,Cdc40_2,Cdc40_3
Cdc40,Cdc40_1,Cdc40_3
Cdc40,Cdc40_2,Cdc40_3
Cdca3,Cdca3_1,Cdca3_3
Cdk5,Cdk5_1,Cdk5_3
Cdkn1b,Cdkn1b_1,Cdkn1b_2
Cdkn2a,Cdkn2a_1,Cdkn2a_3
Cebpb,Cebpb_2,Cebpb_3
Cebpb,Cebpb_2,Cebpb_3
Cfap44,Cfap44_2,Cfap44_3
Cfap52,Cfap52_1,Cfap52_2
Cfap57,Cfap57_2,Cfap57_3
Cgrrf1,Cgrrf1_2,Cgrrf1_3
Chaf1b,Chaf1b_1,Chaf1b_2
Chaf1b,Chaf1b_1,Chaf1b_3
Chaf1b,Chaf1b_1,Chaf1b_2
Chaf1b,Chaf1b_2,Chaf1b_3
Chaf1b,Chaf1b_1,Chaf1b_3
Chaf1b,Chaf1b_2,Chaf1b_3
Chd3,Chd3_2,Chd3_3
Chd4,Chd4_1,Chd4_2
Chd4,Chd4_1,Chd4_3
Chd4,Chd4_1,Chd4_2
Chd4,Chd4_2,Chd4_3
Chd4,Chd4_1,Chd4_3
Chd4,Chd4_2,Chd4_3
Chd5,Chd5_1,Chd5_2
Chfr,Chfr_1,Chfr_3
Ciao1,Ciao1_1,Ciao1_3
Cirh1a,Cirh1a_1,Cirh1a_2
Cirh1a,Cirh1a_1,Cirh1a_3
Cirh1a,Cirh1a_1,Cirh1a_2
Cirh1a,Cirh1a_2,Cirh1a_3
Cirh1a,Cirh1a_1,Cirh1a_3
Cirh1a,Cirh1a_2,Cirh1a_3
Cish,Cish_1,Cish_2
Cnot4,Cnot4_1,Cnot4_2
Cnot4,Cnot4_1,Cnot4_3
Cnot4,Cnot4_1,Cnot4_2
Cnot4,Cnot4_2,Cnot4_3
Cnot4,Cnot4_1,Cnot4_3
Cnot4,Cnot4_2,Cnot4_3
Cntn4,Cntn4_2,Cntn4_3
Copa,Copa_1,Copa_3
Copa,Copa_1,Copa_3
Copb2,Copb2_1,Copb2_2
Copb2,Copb2_1,Copb2_3
Copb2,Copb2_1,Copb2_2
Copb2,Copb2_2,Copb2_3
Copb2,Copb2_1,Copb2_3
Copb2,Copb2_2,Copb2_3
Coro1a,Coro1a_1,Coro1a_2
Coro1a,Coro1a_1,Coro1a_2
Coro1c,Coro1c_1,Coro1c_2
Coro2a,Coro2a_1,Coro2a_3
Coro2b,Coro2b_1,Coro2b_2
Coro6,Coro6_1,Coro6_3
Coro7,Coro7_2,Coro7_3
Cpne1,Cpne1_2,Cpne1_3
Cpne9,Cpne9_1,Cpne9_3
Crbn,Crbn_1,Crbn_2
Crebbp,Crebbp_1,Crebbp_2
Crebbp,Crebbp_1,Crebbp_3
Crebbp,Crebbp_1,Crebbp_2
Crebbp,Crebbp_2,Crebbp_3
Crebbp,Crebbp_1,Crebbp_3
Crebbp,Crebbp_2,Crebbp_3
Cry1,Cry1_1,Cry1_3
Cryab,Cryab_2,Cryab_3
Cstf1,Cstf1_1,Cstf1_2
Cstf1,Cstf1_1,Cstf1_3
Cstf1,Cstf1_1,Cstf1_2
Cstf1,Cstf1_2,Cstf1_3
Cstf1,Cstf1_1,Cstf1_3
Cstf1,Cstf1_2,Cstf1_3
Cul1,Cul1_1,Cul1_3
Cul1,Cul1_1,Cul1_3
Cul2,Cul2_1,Cul2_2
Cul2,Cul2_1,Cul2_3
Cul2,Cul2_1,Cul2_2
Cul2,Cul2_2,Cul2_3
Cul2,Cul2_1,Cul2_3
Cul2,Cul2_2,Cul2_3
Cul3,Cul3_2,Cul3_3
Cul3,Cul3_2,Cul3_3
Cul4a,Cul4a_2,Cul4a_3
Cul4b,Cul4b_1,Cul4b_3
Cul5,Cul5_1,Cul5_2
Cul5,Cul5_1,Cul5_3
Cul5,Cul5_1,Cul5_2
Cul5,Cul5_2,Cul5_3
Cul5,Cul5_1,Cul5_3
Cul5,Cul5_2,Cul5_3
Cul7,Cul7_2,Cul7_3
Cul9,Cul9_1,Cul9_2
Cxcr4,Cxcr4_1,Cxcr4_2
Cyld,Cyld_1,Cyld_2
Dab1,Dab1_2,Dab1_3
Dars,Dars_1,Dars_2
Dars,Dars_1,Dars_3
Dars,Dars_1,Dars_2
Dars,Dars_2,Dars_3
Dars,Dars_1,Dars_3
Dars,Dars_2,Dars_3
Daw1,Daw1_2,Daw1_3
Dazap2,Dazap2_1,Dazap2_3
Dbt,Dbt_1,Dbt_3
Dcaf10,Dcaf10_1,Dcaf10_2
Dcaf10,Dcaf10_1,Dcaf10_2
Dcaf11,Dcaf11_1,Dcaf11_2
Dcaf12l1,Dcaf12l1_1,Dcaf12l1_3
Dcaf13,Dcaf13_1,Dcaf13_3
Dcaf13,Dcaf13_1,Dcaf13_3
Dcaf15,Dcaf15_1,Dcaf15_2
Dcaf17,Dcaf17_1,Dcaf17_2
Dcaf4,Dcaf4_1,Dcaf4_2
Dcaf5,Dcaf5_1,Dcaf5_2
Dcaf6,Dcaf6_1,Dcaf6_3
Dcaf7,Dcaf7_1,Dcaf7_2
Dcaf7,Dcaf7_1,Dcaf7_3
Dcaf7,Dcaf7_1,Dcaf7_2
Dcaf7,Dcaf7_2,Dcaf7_3
Dcaf7,Dcaf7_1,Dcaf7_3
Dcaf7,Dcaf7_2,Dcaf7_3
Dcst1,Dcst1_1,Dcst1_2
Dcun1d1,Dcun1d1_1,Dcun1d1_2
Dcun1d1,Dcun1d1_1,Dcun1d1_3
Dcun1d1,Dcun1d1_1,Dcun1d1_2
Dcun1d1,Dcun1d1_2,Dcun1d1_3
Dcun1d1,Dcun1d1_1,Dcun1d1_3
Dcun1d1,Dcun1d1_2,Dcun1d1_3
Dcun1d2,Dcun1d2_1,Dcun1d2_2
Dcun1d2,Dcun1d2_1,Dcun1d2_2
Dcun1d3,Dcun1d3_1,Dcun1d3_2
Dcun1d5,Dcun1d5_1,Dcun1d5_3
Dda1,Dda1_1,Dda1_2
Dda1,Dda1_1,Dda1_2
Ddb1,Ddb1_1,Ddb1_2
Ddb1,Ddb1_1,Ddb1_3
Ddb1,Ddb1_1,Ddb1_2
Ddb1,Ddb1_2,Ddb1_3
Ddb1,Ddb1_1,Ddb1_3
Ddb1,Ddb1_2,Ddb1_3
Ddb2,Ddb2_2,Ddb2_3
Ddx41,Ddx41_1,Ddx41_2
Ddx41,Ddx41_1,Ddx41_3
Ddx41,Ddx41_1,Ddx41_2
Ddx41,Ddx41_2,Ddx41_3
Ddx41,Ddx41_1,Ddx41_3
Ddx41,Ddx41_2,Ddx41_3
Ddx58,Ddx58_2,Ddx58_3
Dennd3,Dennd3_1,Dennd3_2
Det1,Det1_1,Det1_2
Det1,Det1_1,Det1_3
Det1,Det1_1,Det1_2
Det1,Det1_2,Det1_3
Det1,Det1_1,Det1_3
Det1,Det1_2,Det1_3
Diablo,Diablo_1,Diablo_3
Dido1,Dido1_1,Dido1_2
Dido1,Dido1_1,Dido1_3
Dido1,Dido1_1,Dido1_2
Dido1,Dido1_2,Dido1_3
Dido1,Dido1_1,Dido1_3
Dido1,Dido1_2,Dido1_3
Dio1,Dio1_1,Dio1_3
Dlg4,Dlg4_2,Dlg4_3
Dlg4,Dlg4_2,Dlg4_3
Dmwd,Dmwd_1,Dmwd_2
Dmxl1,Dmxl1_1,Dmxl1_3
Dmxl2,Dmxl2_2,Dmxl2_3
Dnaic2,Dnaic2_1,Dnaic2_2
Dpf1,Dpf1_1,Dpf1_3
Dpf2,Dpf2_1,Dpf2_2
Dpf2,Dpf2_1,Dpf2_3
Dpf2,Dpf2_1,Dpf2_2
Dpf2,Dpf2_2,Dpf2_3
Dpf2,Dpf2_1,Dpf2_3
Dpf2,Dpf2_2,Dpf2_3
Dpf3,Dpf3_1,Dpf3_3
Dph7,Dph7_1,Dph7_2
Dpysl2,Dpysl2_2,Dpysl2_3
Drd4,Drd4_2,Drd4_3
Dtl,Dtl_1,Dtl_3
Dtx1,Dtx1_1,Dtx1_2
Dtx2,Dtx2_2,Dtx2_3
Dtx3,Dtx3_1,Dtx3_2
Dtx3l,Dtx3l_1,Dtx3l_2
Dtx4,Dtx4_2,Dtx4_3
Dync1i1,Dync1i1_1,Dync1i1_3
Dync1i2,Dync1i2_2,Dync1i2_3
Dzip3,Dzip3_1,Dzip3_2
E4f1,E4f1_1,E4f1_2
E4f1,E4f1_1,E4f1_3
E4f1,E4f1_1,E4f1_2
E4f1,E4f1_2,E4f1_3
E4f1,E4f1_1,E4f1_3
E4f1,E4f1_2,E4f1_3
Ecel1,Ecel1_1,Ecel1_3
Eed,Eed_1,Eed_2
Eed,Eed_1,Eed_3
Eed,Eed_1,Eed_2
Eed,Eed_2,Eed_3
Eed,Eed_1,Eed_3
Eed,Eed_2,Eed_3
Efcab8,Efcab8_1,Efcab8_2
Egfr,Egfr_1,Egfr_3
Egr2,Egr2_1,Egr2_2
Egr2,Egr2_1,Egr2_3
Egr2,Egr2_1,Egr2_2
Egr2,Egr2_2,Egr2_3
Egr2,Egr2_1,Egr2_3
Egr2,Egr2_2,Egr2_3
Eif3f,Eif3f_1,Eif3f_2
Eif3f,Eif3f_1,Eif3f_3
Eif3f,Eif3f_1,Eif3f_2
Eif3f,Eif3f_2,Eif3f_3
Eif3f,Eif3f_1,Eif3f_3
Eif3f,Eif3f_2,Eif3f_3
Eif3i,Eif3i_1,Eif3i_2
Eif3i,Eif3i_1,Eif3i_3
Eif3i,Eif3i_1,Eif3i_2
Eif3i,Eif3i_2,Eif3i_3
Eif3i,Eif3i_1,Eif3i_3
Eif3i,Eif3i_2,Eif3i_3
Elp2,Elp2_1,Elp2_2
Eml1,Eml1_1,Eml1_3
Eml2,Eml2_1,Eml2_2
Eml3,Eml3_2,Eml3_3
Eml4,Eml4_1,Eml4_2
Eml5,Eml5_1,Eml5_2
Eml6,Eml6_1,Eml6_2
Ep300,Ep300_1,Ep300_2
Ep300,Ep300_1,Ep300_3
Ep300,Ep300_1,Ep300_2
Ep300,Ep300_2,Ep300_3
Ep300,Ep300_1,Ep300_3
Ep300,Ep300_2,Ep300_3
Fancl,Fancl_1,Fancl_2
Fas,Fas_1,Fas_3
Fasl,Fasl_2,Fasl_3
Fasn,Fasn_1,Fasn_3
Fbxl12,Fbxl12_1,Fbxl12_2
Fbxl13,Fbxl13_1,Fbxl13_3
Fbxl14,Fbxl14_1,Fbxl14_3
Fbxl15,Fbxl15_2,Fbxl15_3
Fbxl19,Fbxl19_2,Fbxl19_3
Fbxl2,Fbxl2_2,Fbxl2_3
Fbxl3,Fbxl3_1,Fbxl3_2
Fbxl4,Fbxl4_2,Fbxl4_3
Fbxl5,Fbxl5_2,Fbxl5_3
Fbxl6,Fbxl6_1,Fbxl6_2
Fbxl8,Fbxl8_1,Fbxl8_2
Fbxo10,Fbxo10_2,Fbxo10_3
Fbxo11,Fbxo11_2,Fbxo11_3
Fbxo15,Fbxo15_2,Fbxo15_3
Fbxo17,Fbxo17_1,Fbxo17_3
Fbxo18,Fbxo18_1,Fbxo18_3
Fbxo2,Fbxo2_1,Fbxo2_2
Fbxo22,Fbxo22_2,Fbxo22_3
Fbxo27,Fbxo27_1,Fbxo27_3
Fbxo28,Fbxo28_1,Fbxo28_2
Fbxo28,Fbxo28_1,Fbxo28_3
Fbxo28,Fbxo28_1,Fbxo28_2
Fbxo28,Fbxo28_2,Fbxo28_3
Fbxo28,Fbxo28_1,Fbxo28_3
Fbxo28,Fbxo28_2,Fbxo28_3
Fbxo3,Fbxo3_1,Fbxo3_2
Fbxo32,Fbxo32_1,Fbxo32_3
Fbxo33,Fbxo33_1,Fbxo33_3
Fbxo4,Fbxo4_1,Fbxo4_3
Fbxo40,Fbxo40_2,Fbxo40_3
Fbxo42,Fbxo42_1,Fbxo42_2
Fbxo42,Fbxo42_1,Fbxo42_3
Fbxo42,Fbxo42_1,Fbxo42_2
Fbxo42,Fbxo42_2,Fbxo42_3
Fbxo42,Fbxo42_1,Fbxo42_3
Fbxo42,Fbxo42_2,Fbxo42_3
Fbxo44,Fbxo44_1,Fbxo44_2
Fbxo48,Fbxo48_1,Fbxo48_2
Fbxo6,Fbxo6_1,Fbxo6_3
Fbxo7,Fbxo7_1,Fbxo7_2
Fbxo9,Fbxo9_2,Fbxo9_3
Fbxw10,Fbxw10_2,Fbxw10_3
Fbxw11,Fbxw11_1,Fbxw11_2
Fbxw11,Fbxw11_1,Fbxw11_3
Fbxw11,Fbxw11_1,Fbxw11_2
Fbxw11,Fbxw11_2,Fbxw11_3
Fbxw11,Fbxw11_1,Fbxw11_3
Fbxw11,Fbxw11_2,Fbxw11_3
Fbxw15,Fbxw15_2,Fbxw15_3
Fbxw4,Fbxw4_2,Fbxw4_3
Fbxw5,Fbxw5_1,Fbxw5_2
Fbxw7,Fbxw7_2,Fbxw7_3
Fbxw8,Fbxw8_1,Fbxw8_2
Fbxw9,Fbxw9_2,Fbxw9_3
Fbxw9,Fbxw9_2,Fbxw9_3
Fem1b,Fem1b_1,Fem1b_2
Fem1c,Fem1c_1,Fem1c_3
Flt3,Flt3_1,Flt3_3
Fmr1,Fmr1_1,Fmr1_3
Foxo1,Foxo1_1,Foxo1_2
Foxo3,Foxo3_1,Foxo3_3
Foxp3,Foxp3_1,Foxp3_2
Foxp3,Foxp3_1,Foxp3_3
Foxp3,Foxp3_1,Foxp3_2
Foxp3,Foxp3_2,Foxp3_3
Foxp3,Foxp3_1,Foxp3_3
Foxp3,Foxp3_2,Foxp3_3
Fus,Fus_1,Fus_2
Fus,Fus_1,Fus_3
Fus,Fus_1,Fus_2
Fus,Fus_2,Fus_3
Fus,Fus_1,Fus_3
Fus,Fus_2,Fus_3
Fzr1,Fzr1_1,Fzr1_2
Fzr1,Fzr1_1,Fzr1_3
Fzr1,Fzr1_1,Fzr1_2
Fzr1,Fzr1_2,Fzr1_3
Fzr1,Fzr1_1,Fzr1_3
Fzr1,Fzr1_2,Fzr1_3
G2e3,G2e3_1,G2e3_3
Gan,Gan_1,Gan_3
Gemin5,Gemin5_1,Gemin5_2
Gemin5,Gemin5_1,Gemin5_3
Gemin5,Gemin5_1,Gemin5_2
Gemin5,Gemin5_2,Gemin5_3
Gemin5,Gemin5_1,Gemin5_3
Gemin5,Gemin5_2,Gemin5_3
Glmn,Glmn_1,Glmn_2
Gm10696,Gm10696_1,Gm10696_2
Gm10697,Gm10697_1,Gm10697_2
Gm10697,Gm10697_1,Gm10697_3
Gm10697,Gm10697_1,Gm10697_2
Gm10697,Gm10697_2,Gm10697_3
Gm10697,Gm10697_1,Gm10697_3
Gm10697,Gm10697_2,Gm10697_3
Gm12361,Gm12361_1,Gm12361_2
Gm13416,Gm13416_1,Gm13416_2
Gm13416,Gm13416_1,Gm13416_3
Gm13416,Gm13416_1,Gm13416_2
Gm13416,Gm13416_2,Gm13416_3
Gm13416,Gm13416_1,Gm13416_3
Gm13416,Gm13416_2,Gm13416_3
Gm15800,Gm15800_1,Gm15800_3
Gm18806,Gm18806_1,Gm18806_2
Gm18856,Gm18856_2,Gm18856_3
Gm19037,Gm19037_1,Gm19037_2
Gm19640,Gm19640_1,Gm19640_3
Gm21964,Gm21964_2,Gm21964_3
Gm35339,Gm35339_1,Gm35339_3
Gm4778,Gm4778_2,Gm4778_3
Gm4858,Gm4858_2,Gm4858_3
Gm5286,Gm5286_2,Gm5286_3
Gm5773,Gm5773_1,Gm5773_3
Gm7075,Gm7075_1,Gm7075_2
Gm9008,Gm9008_1,Gm9008_2
Gm9117,Gm9117_1,Gm9117_3
Gm9125,Gm9125_1,Gm9125_3
Gm9840,Gm9840_1,Gm9840_3
Gm9847,Gm9847_2,Gm9847_3
Gmcl1,Gmcl1_1,Gmcl1_2
Gmnn,Gmnn_1,Gmnn_2
Gnb1,Gnb1_1,Gnb1_3
Gnb2,Gnb2_2,Gnb2_3
Gnb2,Gnb2_2,Gnb2_3
Gnb3,Gnb3_1,Gnb3_3
Gnb5,Gnb5_1,Gnb5_2
Grb10,Grb10_1,Grb10_2
Grb2,Grb2_1,Grb2_2
Grb2,Grb2_1,Grb2_3
Grb2,Grb2_1,Grb2_2
Grb2,Grb2_2,Grb2_3
Grb2,Grb2_1,Grb2_3
Grb2,Grb2_2,Grb2_3
Grwd1,Grwd1_2,Grwd1_3
Gsk3b,Gsk3b_1,Gsk3b_2
Gsk3b,Gsk3b_1,Gsk3b_3
Gsk3b,Gsk3b_1,Gsk3b_2
Gsk3b,Gsk3b_2,Gsk3b_3
Gsk3b,Gsk3b_1,Gsk3b_3
Gsk3b,Gsk3b_2,Gsk3b_3
Gtf2h2,Gtf2h2_1,Gtf2h2_2
Gtf2h2,Gtf2h2_1,Gtf2h2_2
Gtf3c1,Gtf3c1_1,Gtf3c1_2
Gtf3c1,Gtf3c1_1,Gtf3c1_3
Gtf3c1,Gtf3c1_1,Gtf3c1_2
Gtf3c1,Gtf3c1_2,Gtf3c1_3
Gtf3c1,Gtf3c1_1,Gtf3c1_3
Gtf3c1,Gtf3c1_2,Gtf3c1_3
Gtf3c2,Gtf3c2_1,Gtf3c2_3
Gzf1,Gzf1_1,Gzf1_3
H2afx,H2afx_1,H2afx_3
Hace1,Hace1_1,Hace1_3
Hdac4,Hdac4_1,Hdac4_2
Hdac4,Hdac4_1,Hdac4_3
Hdac4,Hdac4_1,Hdac4_2
Hdac4,Hdac4_2,Hdac4_3
Hdac4,Hdac4_1,Hdac4_3
Hdac4,Hdac4_2,Hdac4_3
Hectd1,Hectd1_1,Hectd1_2
Hectd1,Hectd1_1,Hectd1_3
Hectd1,Hectd1_1,Hectd1_2
Hectd1,Hectd1_2,Hectd1_3
Hectd1,Hectd1_1,Hectd1_3
Hectd1,Hectd1_2,Hectd1_3
Hectd2,Hectd2_1,Hectd2_3
Hectd3,Hectd3_1,Hectd3_2
Hecw1,Hecw1_1,Hecw1_3
Hecw1,Hecw1_1,Hecw1_3
Hecw2,Hecw2_1,Hecw2_3
Herc2,Herc2_1,Herc2_3
Herc3,Herc3_2,Herc3_3
Herc4,Herc4_1,Herc4_2
Herc6,Herc6_1,Herc6_3
Hes5,Hes5_2,Hes5_3
Hif1a,Hif1a_1,Hif1a_2
Hif1a,Hif1a_1,Hif1a_3
Hif1a,Hif1a_1,Hif1a_2
Hif1a,Hif1a_2,Hif1a_3
Hif1a,Hif1a_1,Hif1a_3
Hif1a,Hif1a_2,Hif1a_3
Hira,Hira_1,Hira_2
Hira,Hira_1,Hira_2
Hltf,Hltf_2,Hltf_3
Htra2,Htra2_2,Htra2_3
Huwe1,Huwe1_1,Huwe1_2
Huwe1,Huwe1_1,Huwe1_3
Huwe1,Huwe1_1,Huwe1_2
Huwe1,Huwe1_2,Huwe1_3
Huwe1,Huwe1_1,Huwe1_3
Huwe1,Huwe1_2,Huwe1_3
Ibtk,Ibtk_1,Ibtk_3
Icos,Icos_1,Icos_3
Ifnar1,Ifnar1_1,Ifnar1_2
Ifnar1,Ifnar1_1,Ifnar1_3
Ifnar1,Ifnar1_1,Ifnar1_2
Ifnar1,Ifnar1_2,Ifnar1_3
Ifnar1,Ifnar1_1,Ifnar1_3
Ifnar1,Ifnar1_2,Ifnar1_3
Ift122,Ift122_1,Ift122_2
Ift80,Ift80_1,Ift80_3
Ift80,Ift80_1,Ift80_3
Igf1r,Igf1r_2,Igf1r_3
Ikbke,Ikbke_1,Ikbke_2
Ikbke,Ikbke_1,Ikbke_3
Ikbke,Ikbke_1,Ikbke_2
Ikbke,Ikbke_2,Ikbke_3
Ikbke,Ikbke_1,Ikbke_3
Ikbke,Ikbke_2,Ikbke_3
Ikbkg,Ikbkg_1,Ikbkg_2
Il10,Il10_1,Il10_2
Il17a,Il17a_2,Il17a_3
Ing2,Ing2_2,Ing2_3
Ing3,Ing3_1,Ing3_3
Ing3,Ing3_1,Ing3_3
Ing4,Ing4_1,Ing4_3
Ing5,Ing5_2,Ing5_3
Ints12,Ints12_1,Ints12_2
Ints12,Ints12_1,Ints12_3
Ints12,Ints12_1,Ints12_2
Ints12,Ints12_2,Ints12_3
Ints12,Ints12_1,Ints12_3
Ints12,Ints12_2,Ints12_3
Ipp,Ipp_1,Ipp_2
Irf2bp1,Irf2bp1_2,Irf2bp1_3
Irf2bpl,Irf2bpl_2,Irf2bpl_3
Irf8,Irf8_1,Irf8_2
Irf8,Irf8_1,Irf8_3
Irf8,Irf8_1,Irf8_2
Irf8,Irf8_2,Irf8_3
Irf8,Irf8_1,Irf8_3
Irf8,Irf8_2,Irf8_3
Irs1,Irs1_2,Irs1_3
Isg15,Isg15_1,Isg15_3
Ivns1abp,Ivns1abp_1,Ivns1abp_2
Jade1,Jade1_1,Jade1_2
Jade2,Jade2_2,Jade2_3
Jun,Jun_1,Jun_2
Jun,Jun_1,Jun_3
Jun,Jun_1,Jun_2
Jun,Jun_2,Jun_3
Jun,Jun_1,Jun_3
Jun,Jun_2,Jun_3
Junb,Junb_1,Junb_2
Junb,Junb_1,Junb_3
Junb,Junb_1,Junb_2
Junb,Junb_2,Junb_3
Junb,Junb_1,Junb_3
Junb,Junb_2,Junb_3
Kat2b,Kat2b_2,Kat2b_3
Kat6a,Kat6a_1,Kat6a_2
Katnb1,Katnb1_2,Katnb1_3
Kbtbd12,Kbtbd12_1,Kbtbd12_3
Kbtbd12,Kbtbd12_1,Kbtbd12_3
Kbtbd13,Kbtbd13_1,Kbtbd13_2
Kbtbd13,Kbtbd13_1,Kbtbd13_3
Kbtbd13,Kbtbd13_1,Kbtbd13_2
Kbtbd13,Kbtbd13_2,Kbtbd13_3
Kbtbd13,Kbtbd13_1,Kbtbd13_3
Kbtbd13,Kbtbd13_2,Kbtbd13_3
Kbtbd2,Kbtbd2_1,Kbtbd2_3
Kbtbd3,Kbtbd3_2,Kbtbd3_3
Kbtbd4,Kbtbd4_1,Kbtbd4_2
Kbtbd6,Kbtbd6_1,Kbtbd6_3
Kbtbd7,Kbtbd7_2,Kbtbd7_3
Kbtbd8,Kbtbd8_1,Kbtbd8_3
Kcmf1,Kcmf1_1,Kcmf1_2
Kctd10,Kctd10_1,Kctd10_2
Kctd13,Kctd13_1,Kctd13_2
Kctd17,Kctd17_1,Kctd17_2
Kctd2,Kctd2_2,Kctd2_3
Kctd21,Kctd21_1,Kctd21_2
Kctd3,Kctd3_1,Kctd3_3
Kctd5,Kctd5_1,Kctd5_2
Kctd5,Kctd5_1,Kctd5_3
Kctd5,Kctd5_1,Kctd5_2
Kctd5,Kctd5_2,Kctd5_3
Kctd5,Kctd5_1,Kctd5_3
Kctd5,Kctd5_2,Kctd5_3
Kctd6,Kctd6_1,Kctd6_2
Kctd9,Kctd9_2,Kctd9_3
Kdm2a,Kdm2a_1,Kdm2a_3
Kdm2a,Kdm2a_1,Kdm2a_3
Kdm2b,Kdm2b_1,Kdm2b_3
Kdm4a,Kdm4a_1,Kdm4a_2
Kdm5a,Kdm5a_2,Kdm5a_3
Kdm5b,Kdm5b_2,Kdm5b_3
Kdm5c,Kdm5c_1,Kdm5c_2
Kdm5c,Kdm5c_1,Kdm5c_3
Kdm5c,Kdm5c_1,Kdm5c_2
Kdm5c,Kdm5c_2,Kdm5c_3
Kdm5c,Kdm5c_1,Kdm5c_3
Kdm5c,Kdm5c_2,Kdm5c_3
Kdm5d,Kdm5d_2,Kdm5d_3
Kdm7a,Kdm7a_1,Kdm7a_3
Keap1,Keap1_1,Keap1_2
Keap1,Keap1_1,Keap1_2
Kif21a,Kif21a_2,Kif21a_3
Kif21b,Kif21b_1,Kif21b_3
Klhl1,Klhl1_2,Klhl1_3
Klhl10,Klhl10_1,Klhl10_3
Klhl11,Klhl11_2,Klhl11_3
Klhl12,Klhl12_1,Klhl12_3
Klhl13,Klhl13_2,Klhl13_3
Klhl14,Klhl14_1,Klhl14_2
Klhl15,Klhl15_2,Klhl15_3
Klhl17,Klhl17_1,Klhl17_2
Klhl18,Klhl18_1,Klhl18_2
Klhl20,Klhl20_2,Klhl20_3
Klhl21,Klhl21_1,Klhl21_2
Klhl22,Klhl22_1,Klhl22_3
Klhl23,Klhl23_2,Klhl23_3
Klhl24,Klhl24_1,Klhl24_3
Klhl25,Klhl25_1,Klhl25_2
Klhl26,Klhl26_1,Klhl26_2
Klhl28,Klhl28_1,Klhl28_3
Klhl29,Klhl29_1,Klhl29_3
Klhl3,Klhl3_1,Klhl3_2
Klhl30,Klhl30_1,Klhl30_2
Klhl31,Klhl31_1,Klhl31_3
Klhl32,Klhl32_2,Klhl32_3
Klhl34,Klhl34_1,Klhl34_3
Klhl35,Klhl35_1,Klhl35_2
Klhl36,Klhl36_1,Klhl36_3
Klhl38,Klhl38_1,Klhl38_3
Klhl4,Klhl4_1,Klhl4_2
Klhl40,Klhl40_1,Klhl40_2
Klhl40,Klhl40_1,Klhl40_3
Klhl40,Klhl40_1,Klhl40_2
Klhl40,Klhl40_2,Klhl40_3
Klhl40,Klhl40_1,Klhl40_3
Klhl40,Klhl40_2,Klhl40_3
Klhl41,Klhl41_2,Klhl41_3
Klhl42,Klhl42_1,Klhl42_2
Klhl5,Klhl5_1,Klhl5_3
Klhl6,Klhl6_1,Klhl6_3
Klhl7,Klhl7_1,Klhl7_3
Klhl8,Klhl8_2,Klhl8_3
Klhl9,Klhl9_1,Klhl9_2
Klhl9,Klhl9_1,Klhl9_2
Kmt2a,Kmt2a_1,Kmt2a_3
Kmt2b,Kmt2b_1,Kmt2b_2
Kmt2b,Kmt2b_1,Kmt2b_3
Kmt2b,Kmt2b_1,Kmt2b_2
Kmt2b,Kmt2b_2,Kmt2b_3
Kmt2b,Kmt2b_1,Kmt2b_3
Kmt2b,Kmt2b_2,Kmt2b_3
Kmt2c,Kmt2c_1,Kmt2c_3
Kmt2d,Kmt2d_1,Kmt2d_2
Kmt2d,Kmt2d_1,Kmt2d_3
Kmt2d,Kmt2d_1,Kmt2d_2
Kmt2d,Kmt2d_2,Kmt2d_3
Kmt2d,Kmt2d_1,Kmt2d_3
Kmt2d,Kmt2d_2,Kmt2d_3
Ldb2,Ldb2_1,Ldb2_2
Ldlr,Ldlr_1,Ldlr_2
Ldlr,Ldlr_1,Ldlr_3
Ldlr,Ldlr_1,Ldlr_2
Ldlr,Ldlr_2,Ldlr_3
Ldlr,Ldlr_1,Ldlr_3
Ldlr,Ldlr_2,Ldlr_3
Lif,Lif_2,Lif_3
Lifr,Lifr_2,Lifr_3
Llgl1,Llgl1_2,Llgl1_3
Lnx1,Lnx1_1,Lnx1_3
LOC100861784,LOC100861784_2,LOC100861784_3
LOC101055995,LOC101055995_2,LOC101055995_3
LOC102637711,LOC102637711_1,LOC102637711_2
LOC108168312,LOC108168312_2,LOC108168312_3
Lonrf1,Lonrf1_1,Lonrf1_2
Lonrf3,Lonrf3_2,Lonrf3_3
Lrba,Lrba_2,Lrba_3
Lrch2,Lrch2_1,Lrch2_2
Lrr1,Lrr1_1,Lrr1_2
Lrr1,Lrr1_1,Lrr1_3
Lrr1,Lrr1_1,Lrr1_2
Lrr1,Lrr1_2,Lrr1_3
Lrr1,Lrr1_1,Lrr1_3
Lrr1,Lrr1_2,Lrr1_3
Lrrc31,Lrrc31_1,Lrrc31_2
Lrrc41,Lrrc41_1,Lrrc41_2
Lrrc55,Lrrc55_1,Lrrc55_2
Lrrc57,Lrrc57_1,Lrrc57_2
Lrrk2,Lrrk2_1,Lrrk2_3
Lrsam1,Lrsam1_1,Lrsam1_3
Lrwd1,Lrwd1_1,Lrwd1_3
Ltbr,Ltbr_2,Ltbr_3
Ltn1,Ltn1_1,Ltn1_2
Lztr1,Lztr1_1,Lztr1_3
Lztr1,Lztr1_1,Lztr1_3
Maea,Maea_1,Maea_2
Maea,Maea_1,Maea_3
Maea,Maea_1,Maea_2
Maea,Maea_2,Maea_3
Maea,Maea_1,Maea_3
Maea,Maea_2,Maea_3
Map2k4,Map2k4_1,Map2k4_3
Map3k1,Map3k1_1,Map3k1_2
Map3k14,Map3k14_1,Map3k14_3
Map3k7,Map3k7_1,Map3k7_3
Mapk14,Mapk14_1,Mapk14_2
Mapk14,Mapk14_1,Mapk14_3
Mapk14,Mapk14_1,Mapk14_2
Mapk14,Mapk14_2,Mapk14_3
Mapk14,Mapk14_1,Mapk14_3
Mapk14,Mapk14_2,Mapk14_3
Mapk7,Mapk7_1,Mapk7_3
Mapk8,Mapk8_1,Mapk8_2
Mapkbp1,Mapkbp1_1,Mapkbp1_3
March1,March1_1,March1_3
March10,March10_1,March10_2
March11,March11_2,March11_3
March2,March2_1,March2_3
March4,March4_1,March4_3
March5,March5_1,March5_2
March6,March6_1,March6_3
March6,March6_1,March6_3
March7,March7_1,March7_2
March8,March8_1,March8_2
Mavs,Mavs_2,Mavs_3
Mdm4,Mdm4_1,Mdm4_2
Mdm4,Mdm4_1,Mdm4_3
Mdm4,Mdm4_1,Mdm4_2
Mdm4,Mdm4_2,Mdm4_3
Mdm4,Mdm4_1,Mdm4_3
Mdm4,Mdm4_2,Mdm4_3
Med8,Med8_1,Med8_2
Med8,Med8_1,Med8_3
Med8,Med8_1,Med8_2
Med8,Med8_2,Med8_3
Med8,Med8_1,Med8_3
Med8,Med8_2,Med8_3
Mei4,Mei4_2,Mei4_3
Mex3c,Mex3c_2,Mex3c_3
Mgrn1,Mgrn1_1,Mgrn1_2
Mgrn1,Mgrn1_1,Mgrn1_3
Mgrn1,Mgrn1_1,Mgrn1_2
Mgrn1,Mgrn1_2,Mgrn1_3
Mgrn1,Mgrn1_1,Mgrn1_3
Mgrn1,Mgrn1_2,Mgrn1_3
Mib1,Mib1_1,Mib1_2
Mib1,Mib1_1,Mib1_3
Mib1,Mib1_1,Mib1_2
Mib1,Mib1_2,Mib1_3
Mib1,Mib1_1,Mib1_3
Mib1,Mib1_2,Mib1_3
Mib2,Mib2_1,Mib2_3
Mid1,Mid1_2,Mid1_3
Mid2,Mid2_1,Mid2_2
Mios,Mios_1,Mios_2
Mkrn1,Mkrn1_2,Mkrn1_3
Mkrn2,Mkrn2_2,Mkrn2_3
Mkrn3,Mkrn3_1,Mkrn3_3
Mlst8,Mlst8_1,Mlst8_2
Mlst8,Mlst8_1,Mlst8_3
Mlst8,Mlst8_1,Mlst8_2
Mlst8,Mlst8_2,Mlst8_3
Mlst8,Mlst8_1,Mlst8_3
Mlst8,Mlst8_2,Mlst8_3
Mnat1,Mnat1_1,Mnat1_2
Msl2,Msl2_2,Msl2_3
Msl2,Msl2_2,Msl2_3
Mst1r,Mst1r_2,Mst1r_3
Msx1,Msx1_2,Msx1_3
Mtf2,Mtf2_1,Mtf2_3
Mthfs,Mthfs_1,Mthfs_3
Mthfsl,Mthfsl_2,Mthfsl_3
Mtor,Mtor_1,Mtor_2
Mtor,Mtor_1,Mtor_3
Mtor,Mtor_1,Mtor_2
Mtor,Mtor_2,Mtor_3
Mtor,Mtor_1,Mtor_3
Mtor,Mtor_2,Mtor_3
Mul1,Mul1_2,Mul1_3
Myc,Myc_1,Myc_2
Myc,Myc_1,Myc_3
Myc,Myc_1,Myc_2
Myc,Myc_2,Myc_3
Myc,Myc_1,Myc_3
Myc,Myc_2,Myc_3
Mycbp2,Mycbp2_2,Mycbp2_3
Myh10,Myh10_1,Myh10_2
Mylip,Mylip_1,Mylip_3
Mynn,Mynn_1,Mynn_3
Naca,Naca_1,Naca_2
Naca,Naca_1,Naca_3
Naca,Naca_1,Naca_2
Naca,Naca_2,Naca_3
Naca,Naca_1,Naca_3
Naca,Naca_2,Naca_3
Nacc1,Nacc1_1,Nacc1_3
Nacc1,Nacc1_1,Nacc1_3
Nacc2,Nacc2_2,Nacc2_3
Nanog,Nanog_2,Nanog_3
Nbeal1,Nbeal1_1,Nbeal1_2
Nbeal2,Nbeal2_1,Nbeal2_3
Ndfip1,Ndfip1_2,Ndfip1_3
Ndn,Ndn_1,Ndn_3
Nedd1,Nedd1_1,Nedd1_2
Nedd4,Nedd4_1,Nedd4_3
Nedd8,Nedd8_1,Nedd8_2
Nedd8,Nedd8_1,Nedd8_3
Nedd8,Nedd8_1,Nedd8_2
Nedd8,Nedd8_2,Nedd8_3
Nedd8,Nedd8_1,Nedd8_3
Nedd8,Nedd8_2,Nedd8_3
Neurl1a,Neurl1a_1,Neurl1a_2
Neurl2,Neurl2_1,Neurl2_2
Neurl3,Neurl3_2,Neurl3_3
Neurl4,Neurl4_2,Neurl4_3
Neurl4,Neurl4_2,Neurl4_3
Nf1,Nf1_1,Nf1_2
Nf1,Nf1_1,Nf1_3
Nf1,Nf1_1,Nf1_2
Nf1,Nf1_2,Nf1_3
Nf1,Nf1_1,Nf1_3
Nf1,Nf1_2,Nf1_3
Nfatc1,Nfatc1_2,Nfatc1_3
Nfatc3,Nfatc3_2,Nfatc3_3
Nfkb1,Nfkb1_1,Nfkb1_2
Nfkb1,Nfkb1_1,Nfkb1_2
Nfx1,Nfx1_1,Nfx1_3
Nhlrc1,Nhlrc1_1,Nhlrc1_3
Nle1,Nle1_2,Nle1_3
Nlrp3,Nlrp3_1,Nlrp3_3
Nol10,Nol10_1,Nol10_2
Nos2,Nos2_1,Nos2_3
Nosip,Nosip_1,Nosip_2
Nosip,Nosip_1,Nosip_3
Nosip,Nosip_1,Nosip_2
Nosip,Nosip_2,Nosip_3
Nosip,Nosip_1,Nosip_3
Nosip,Nosip_2,Nosip_3
Nr1h3,Nr1h3_1,Nr1h3_2
Nr3c1,Nr3c1_1,Nr3c1_2
Nr3c1,Nr3c1_1,Nr3c1_2
Nr4a1,Nr4a1_2,Nr4a1_3
Nrip1,Nrip1_1,Nrip1_2
Nsd1,Nsd1_1,Nsd1_2
Nsd1,Nsd1_1,Nsd1_3
Nsd1,Nsd1_1,Nsd1_2
Nsd1,Nsd1_2,Nsd1_3
Nsd1,Nsd1_1,Nsd1_3
Nsd1,Nsd1_2,Nsd1_3
Nsmaf,Nsmaf_1,Nsmaf_3
Nsmce1,Nsmce1_2,Nsmce1_3
Ntrk1,Ntrk1_1,Ntrk1_2
Nup37,Nup37_2,Nup37_3
Nup43,Nup43_1,Nup43_2
Nup43,Nup43_1,Nup43_3
Nup43,Nup43_1,Nup43_2
Nup43,Nup43_2,Nup43_3
Nup43,Nup43_1,Nup43_3
Nup43,Nup43_2,Nup43_3
Nup62,Nup62_1,Nup62_2
Nup62,Nup62_1,Nup62_3
Nup62,Nup62_1,Nup62_2
Nup62,Nup62_2,Nup62_3
Nup62,Nup62_1,Nup62_3
Nup62,Nup62_2,Nup62_3
Nwd1,Nwd1_1,Nwd1_2
Ogt,Ogt_1,Ogt_2
Ogt,Ogt_1,Ogt_3
Ogt,Ogt_1,Ogt_2
Ogt,Ogt_2,Ogt_3
Ogt,Ogt_1,Ogt_3
Ogt,Ogt_2,Ogt_3
Omd,Omd_1,Omd_3
Ostm1,Ostm1_1,Ostm1_2
Pa2g4,Pa2g4_1,Pa2g4_2
Pa2g4,Pa2g4_1,Pa2g4_3
Pa2g4,Pa2g4_1,Pa2g4_2
Pa2g4,Pa2g4_2,Pa2g4_3
Pa2g4,Pa2g4_1,Pa2g4_3
Pa2g4,Pa2g4_2,Pa2g4_3
Paf1,Paf1_1,Paf1_3
Paf1,Paf1_1,Paf1_3
Pafah1b1,Pafah1b1_1,Pafah1b1_2
Pafah1b1,Pafah1b1_1,Pafah1b1_3
Pafah1b1,Pafah1b1_1,Pafah1b1_2
Pafah1b1,Pafah1b1_2,Pafah1b1_3
Pafah1b1,Pafah1b1_1,Pafah1b1_3
Pafah1b1,Pafah1b1_2,Pafah1b1_3
Pak1ip1,Pak1ip1_1,Pak1ip1_2
Pak1ip1,Pak1ip1_1,Pak1ip1_3
Pak1ip1,Pak1ip1_1,Pak1ip1_2
Pak1ip1,Pak1ip1_2,Pak1ip1_3
Pak1ip1,Pak1ip1_1,Pak1ip1_3
Pak1ip1,Pak1ip1_2,Pak1ip1_3
Pam,Pam_1,Pam_3
Park2,Park2_1,Park2_2
Parp9,Parp9_2,Parp9_3
Patz1,Patz1_1,Patz1_3
Patz1,Patz1_1,Patz1_3
Pax6,Pax6_1,Pax6_2
Pax6,Pax6_1,Pax6_2
Pcgf2,Pcgf2_2,Pcgf2_3
Pcgf5,Pcgf5_2,Pcgf5_3
Pcif1,Pcif1_1,Pcif1_2
Pcif1,Pcif1_1,Pcif1_3
Pcif1,Pcif1_1,Pcif1_2
Pcif1,Pcif1_2,Pcif1_3
Pcif1,Pcif1_1,Pcif1_3
Pcif1,Pcif1_2,Pcif1_3
Pdcd6ip,Pdcd6ip_1,Pdcd6ip_3
Pdzrn3,Pdzrn3_1,Pdzrn3_2
Peli1,Peli1_1,Peli1_2
Peli1,Peli1_1,Peli1_2
Peli2,Peli2_1,Peli2_3
Peli3,Peli3_2,Peli3_3
Pet2,Pet2_1,Pet2_2
Pex10,Pex10_2,Pex10_3
Pex12,Pex12_1,Pex12_3
Pex2,Pex2_1,Pex2_2
Pex7,Pex7_1,Pex7_2
Pgr,Pgr_1,Pgr_3
Phf1,Phf1_1,Phf1_2
Phf10,Phf10_1,Phf10_2
Phf14,Phf14_1,Phf14_2
Phf2,Phf2_2,Phf2_3
Phf21a,Phf21a_1,Phf21a_3
Phf21a,Phf21a_1,Phf21a_3
Phf7,Phf7_1,Phf7_2
Phf8,Phf8_1,Phf8_2
Phf8,Phf8_1,Phf8_3
Phf8,Phf8_1,Phf8_2
Phf8,Phf8_2,Phf8_3
Phf8,Phf8_1,Phf8_3
Phf8,Phf8_2,Phf8_3
Phip,Phip_1,Phip_3
Pias1,Pias1_1,Pias1_2
Pias1,Pias1_1,Pias1_3
Pias1,Pias1_1,Pias1_2
Pias1,Pias1_2,Pias1_3
Pias1,Pias1_1,Pias1_3
Pias1,Pias1_2,Pias1_3
Pias3,Pias3_1,Pias3_2
Pias4,Pias4_1,Pias4_3
Pias4,Pias4_1,Pias4_3
Pik3r4,Pik3r4_1,Pik3r4_2
Pik3r4,Pik3r4_1,Pik3r4_3
Pik3r4,Pik3r4_1,Pik3r4_2
Pik3r4,Pik3r4_2,Pik3r4_3
Pik3r4,Pik3r4_1,Pik3r4_3
Pik3r4,Pik3r4_2,Pik3r4_3
Pink1,Pink1_1,Pink1_2
Pja1,Pja1_1,Pja1_2
Plaa,Plaa_1,Plaa_2
Plaa,Plaa_1,Plaa_3
Plaa,Plaa_1,Plaa_2
Plaa,Plaa_2,Plaa_3
Plaa,Plaa_1,Plaa_3
Plaa,Plaa_2,Plaa_3
Plrg1,Plrg1_1,Plrg1_2
Plrg1,Plrg1_1,Plrg1_3
Plrg1,Plrg1_1,Plrg1_2
Plrg1,Plrg1_2,Plrg1_3
Plrg1,Plrg1_1,Plrg1_3
Plrg1,Plrg1_2,Plrg1_3
Pml,Pml_1,Pml_3
Poc1a,Poc1a_1,Poc1a_2
Poc1b,Poc1b_2,Poc1b_3
Pou5f1,Pou5f1_1,Pou5f1_2
Ppara,Ppara_1,Ppara_3
Pparg,Pparg_1,Pparg_2
Pparg,Pparg_1,Pparg_3
Pparg,Pparg_1,Pparg_2
Pparg,Pparg_2,Pparg_3
Pparg,Pparg_1,Pparg_3
Pparg,Pparg_2,Pparg_3
Ppil2,Ppil2_1,Ppil2_2
Ppil2,Ppil2_1,Ppil2_3
Ppil2,Ppil2_1,Ppil2_2
Ppil2,Ppil2_2,Ppil2_3
Ppil2,Ppil2_1,Ppil2_3
Ppil2,Ppil2_2,Ppil2_3
Ppp1r11,Ppp1r11_2,Ppp1r11_3
Ppp2r2a,Ppp2r2a_1,Ppp2r2a_2
Ppp2r2b,Ppp2r2b_1,Ppp2r2b_2
Ppp2r2c,Ppp2r2c_1,Ppp2r2c_3
Ppp2r2d,Ppp2r2d_1,Ppp2r2d_2
Ppwd1,Ppwd1_1,Ppwd1_2
Ppwd1,Ppwd1_1,Ppwd1_3
Ppwd1,Ppwd1_1,Ppwd1_2
Ppwd1,Ppwd1_2,Ppwd1_3
Ppwd1,Ppwd1_1,Ppwd1_3
Ppwd1,Ppwd1_2,Ppwd1_3
Prc1,Prc1_1,Prc1_3
Prc1,Prc1_1,Prc1_3
Prdm1,Prdm1_1,Prdm1_2
Prdm1,Prdm1_1,Prdm1_3
Prdm1,Prdm1_1,Prdm1_2
Prdm1,Prdm1_2,Prdm1_3
Prdm1,Prdm1_1,Prdm1_3
Prdm1,Prdm1_2,Prdm1_3
Preb,Preb_1,Preb_2
Preb,Preb_1,Preb_3
Preb,Preb_1,Preb_2
Preb,Preb_2,Preb_3
Preb,Preb_1,Preb_3
Preb,Preb_2,Preb_3
Prpf19,Prpf19_1,Prpf19_2
Prpf19,Prpf19_1,Prpf19_3
Prpf19,Prpf19_1,Prpf19_2
Prpf19,Prpf19_2,Prpf19_3
Prpf19,Prpf19_1,Prpf19_3
Prpf19,Prpf19_2,Prpf19_3
Prpf4,Prpf4_1,Prpf4_2
Prpf4,Prpf4_1,Prpf4_3
Prpf4,Prpf4_1,Prpf4_2
Prpf4,Prpf4_2,Prpf4_3
Prpf4,Prpf4_1,Prpf4_3
Prpf4,Prpf4_2,Prpf4_3
Pten,Pten_1,Pten_2
Pten,Pten_1,Pten_3
Pten,Pten_1,Pten_2
Pten,Pten_2,Pten_3
Pten,Pten_1,Pten_3
Pten,Pten_2,Pten_3
Ptk2,Ptk2_2,Ptk2_3
Ptpn1,Ptpn1_1,Ptpn1_2
Ptpn1,Ptpn1_1,Ptpn1_3
Ptpn1,Ptpn1_1,Ptpn1_2
Ptpn1,Ptpn1_2,Ptpn1_3
Ptpn1,Ptpn1_1,Ptpn1_3
Ptpn1,Ptpn1_2,Ptpn1_3
Ptpn11,Ptpn11_1,Ptpn11_2
Ptpn11,Ptpn11_1,Ptpn11_3
Ptpn11,Ptpn11_1,Ptpn11_2
Ptpn11,Ptpn11_2,Ptpn11_3
Ptpn11,Ptpn11_1,Ptpn11_3
Ptpn11,Ptpn11_2,Ptpn11_3
Pwp1,Pwp1_1,Pwp1_2
Pwp2,Pwp2_2,Pwp2_3
Rab40b,Rab40b_2,Rab40b_3
Rab40c,Rab40c_1,Rab40c_3
Rack1,Rack1_1,Rack1_2
Rack1,Rack1_1,Rack1_3
Rack1,Rack1_1,Rack1_2
Rack1,Rack1_2,Rack1_3
Rack1,Rack1_1,Rack1_3
Rack1,Rack1_2,Rack1_3
Rae1,Rae1_1,Rae1_2
Rae1,Rae1_1,Rae1_3
Rae1,Rae1_1,Rae1_2
Rae1,Rae1_2,Rae1_3
Rae1,Rae1_1,Rae1_3
Rae1,Rae1_2,Rae1_3
Raf1,Raf1_1,Raf1_2
Raf1,Raf1_1,Raf1_3
Raf1,Raf1_1,Raf1_2
Raf1,Raf1_2,Raf1_3
Raf1,Raf1_1,Raf1_3
Raf1,Raf1_2,Raf1_3
Rag1,Rag1_1,Rag1_2
Ranbp2,Ranbp2_1,Ranbp2_2
Ranbp2,Ranbp2_1,Ranbp2_3
Ranbp2,Ranbp2_1,Ranbp2_2
Ranbp2,Ranbp2_2,Ranbp2_3
Ranbp2,Ranbp2_1,Ranbp2_3
Ranbp2,Ranbp2_2,Ranbp2_3
Rapsn,Rapsn_1,Rapsn_2
Rasd2,Rasd2_2,Rasd2_3
Rbbp4,Rbbp4_1,Rbbp4_2
Rbbp4,Rbbp4_1,Rbbp4_3
Rbbp4,Rbbp4_1,Rbbp4_2
Rbbp4,Rbbp4_2,Rbbp4_3
Rbbp4,Rbbp4_1,Rbbp4_3
Rbbp4,Rbbp4_2,Rbbp4_3
Rbbp5,Rbbp5_1,Rbbp5_2
Rbbp5,Rbbp5_1,Rbbp5_3
Rbbp5,Rbbp5_1,Rbbp5_2
Rbbp5,Rbbp5_2,Rbbp5_3
Rbbp5,Rbbp5_1,Rbbp5_3
Rbbp5,Rbbp5_2,Rbbp5_3
Rbbp6,Rbbp6_1,Rbbp6_2
Rbbp6,Rbbp6_1,Rbbp6_3
Rbbp6,Rbbp6_1,Rbbp6_2
Rbbp6,Rbbp6_2,Rbbp6_3
Rbbp6,Rbbp6_1,Rbbp6_3
Rbbp6,Rbbp6_2,Rbbp6_3
Rbbp7,Rbbp7_1,Rbbp7_2
Rbck1,Rbck1_1,Rbck1_2
Rbck1,Rbck1_1,Rbck1_3
Rbck1,Rbck1_1,Rbck1_2
Rbck1,Rbck1_2,Rbck1_3
Rbck1,Rbck1_1,Rbck1_3
Rbck1,Rbck1_2,Rbck1_3
Rbp2,Rbp2_1,Rbp2_2
Rbx1,Rbx1_1,Rbx1_2
Rbx1,Rbx1_1,Rbx1_3
Rbx1,Rbx1_1,Rbx1_2
Rbx1,Rbx1_2,Rbx1_3
Rbx1,Rbx1_1,Rbx1_3
Rbx1,Rbx1_2,Rbx1_3
Rc3h1,Rc3h1_1,Rc3h1_2
Rc3h1,Rc3h1_1,Rc3h1_3
Rc3h1,Rc3h1_1,Rc3h1_2
Rc3h1,Rc3h1_2,Rc3h1_3
Rc3h1,Rc3h1_1,Rc3h1_3
Rc3h1,Rc3h1_2,Rc3h1_3
Rc3h2,Rc3h2_1,Rc3h2_3
Rcbtb2,Rcbtb2_2,Rcbtb2_3
Rchy1,Rchy1_2,Rchy1_3
Rela,Rela_1,Rela_2
Rela,Rela_1,Rela_3
Rela,Rela_1,Rela_2
Rela,Rela_2,Rela_3
Rela,Rela_1,Rela_3
Rela,Rela_2,Rela_3
Ret,Ret_1,Ret_2
Rffl,Rffl_2,Rffl_3
Rfpl4,Rfpl4_1,Rfpl4_3
Rfpl4b,Rfpl4b_1,Rfpl4b_2
Rfwd2,Rfwd2_1,Rfwd2_2
Rfwd2,Rfwd2_1,Rfwd2_3
Rfwd2,Rfwd2_1,Rfwd2_2
Rfwd2,Rfwd2_2,Rfwd2_3
Rfwd2,Rfwd2_1,Rfwd2_3
Rfwd2,Rfwd2_2,Rfwd2_3
Rfwd3,Rfwd3_2,Rfwd3_3
Rheb,Rheb_2,Rheb_3
Rheb,Rheb_2,Rheb_3
Rho,Rho_1,Rho_3
Rhobtb1,Rhobtb1_1,Rhobtb1_3
Rhobtb2,Rhobtb2_1,Rhobtb2_3
Rhobtb3,Rhobtb3_1,Rhobtb3_3
Rictor,Rictor_1,Rictor_2
Rictor,Rictor_1,Rictor_3
Rictor,Rictor_1,Rictor_2
Rictor,Rictor_2,Rictor_3
Rictor,Rictor_1,Rictor_3
Rictor,Rictor_2,Rictor_3
Rims1,Rims1_1,Rims1_3
Ring1,Ring1_2,Ring1_3
Ring1,Ring1_2,Ring1_3
Rlim,Rlim_2,Rlim_3
Rlim,Rlim_2,Rlim_3
Rmnd5a,Rmnd5a_1,Rmnd5a_2
Rnf10,Rnf10_1,Rnf10_2
Rnf10,Rnf10_1,Rnf10_3
Rnf10,Rnf10_1,Rnf10_2
Rnf10,Rnf10_2,Rnf10_3
Rnf10,Rnf10_1,Rnf10_3
Rnf10,Rnf10_2,Rnf10_3
Rnf103,Rnf103_1,Rnf103_3
Rnf103,Rnf103_1,Rnf103_3
Rnf11,Rnf11_1,Rnf11_2
Rnf111,Rnf111_2,Rnf111_3
Rnf111,Rnf111_2,Rnf111_3
Rnf112,Rnf112_1,Rnf112_3
Rnf113a1,Rnf113a1_1,Rnf113a1_3
Rnf113a2,Rnf113a2_2,Rnf113a2_3
Rnf114,Rnf114_1,Rnf114_2
Rnf115,Rnf115_1,Rnf115_2
Rnf115,Rnf115_1,Rnf115_2
Rnf121,Rnf121_2,Rnf121_3
Rnf122,Rnf122_1,Rnf122_2
Rnf123,Rnf123_2,Rnf123_3
Rnf125,Rnf125_1,Rnf125_3
Rnf126,Rnf126_2,Rnf126_3
Rnf128,Rnf128_1,Rnf128_3
Rnf13,Rnf13_1,Rnf13_3
Rnf133,Rnf133_2,Rnf133_3
Rnf135,Rnf135_1,Rnf135_2
Rnf138rt1,Rnf138rt1_1,Rnf138rt1_2
Rnf139,Rnf139_2,Rnf139_3
Rnf14,Rnf14_2,Rnf14_3
Rnf141,Rnf141_1,Rnf141_2
Rnf144a,Rnf144a_1,Rnf144a_2
Rnf144b,Rnf144b_2,Rnf144b_3
Rnf145,Rnf145_1,Rnf145_3
Rnf146,Rnf146_1,Rnf146_3
Rnf148,Rnf148_1,Rnf148_2
Rnf149,Rnf149_2,Rnf149_3
Rnf150,Rnf150_1,Rnf150_3
Rnf151,Rnf151_2,Rnf151_3
Rnf157,Rnf157_1,Rnf157_2
Rnf165,Rnf165_1,Rnf165_3
Rnf166,Rnf166_2,Rnf166_3
Rnf167,Rnf167_1,Rnf167_3
Rnf168,Rnf168_1,Rnf168_2
Rnf168,Rnf168_1,Rnf168_3
Rnf168,Rnf168_1,Rnf168_2
Rnf168,Rnf168_2,Rnf168_3
Rnf168,Rnf168_1,Rnf168_3
Rnf168,Rnf168_2,Rnf168_3
Rnf169,Rnf169_1,Rnf169_3
Rnf180,Rnf180_2,Rnf180_3
Rnf181,Rnf181_1,Rnf181_2
Rnf181,Rnf181_1,Rnf181_2
Rnf182,Rnf182_2,Rnf182_3
Rnf183,Rnf183_1,Rnf183_3
Rnf185,Rnf185_2,Rnf185_3
Rnf186,Rnf186_1,Rnf186_2
Rnf187,Rnf187_1,Rnf187_2
Rnf19a,Rnf19a_1,Rnf19a_3
Rnf19b,Rnf19b_1,Rnf19b_3
Rnf2,Rnf2_2,Rnf2_3
Rnf20,Rnf20_1,Rnf20_3
Rnf20,Rnf20_1,Rnf20_3
Rnf207,Rnf207_1,Rnf207_3
Rnf208,Rnf208_2,Rnf208_3
Rnf212,Rnf212_2,Rnf212_3
Rnf213,Rnf213_2,Rnf213_3
Rnf215,Rnf215_1,Rnf215_2
Rnf216,Rnf216_1,Rnf216_2
Rnf217,Rnf217_2,Rnf217_3
Rnf220,Rnf220_1,Rnf220_3
Rnf222,Rnf222_2,Rnf222_3
Rnf223,Rnf223_2,Rnf223_3
Rnf225,Rnf225_1,Rnf225_2
Rnf24,Rnf24_2,Rnf24_3
Rnf25,Rnf25_1,Rnf25_3
Rnf26,Rnf26_1,Rnf26_2
Rnf31,Rnf31_1,Rnf31_2
Rnf31,Rnf31_1,Rnf31_3
Rnf31,Rnf31_1,Rnf31_2
Rnf31,Rnf31_2,Rnf31_3
Rnf31,Rnf31_1,Rnf31_3
Rnf31,Rnf31_2,Rnf31_3
Rnf32,Rnf32_2,Rnf32_3
Rnf34,Rnf34_1,Rnf34_2
Rnf39,Rnf39_1,Rnf39_2
Rnf4,Rnf4_1,Rnf4_2
Rnf40,Rnf40_1,Rnf40_2
Rnf40,Rnf40_1,Rnf40_2
Rnf41,Rnf41_1,Rnf41_2
Rnf43,Rnf43_1,Rnf43_2
Rnf44,Rnf44_1,Rnf44_2
Rnf44,Rnf44_1,Rnf44_2
Rnf5,Rnf5_1,Rnf5_2
Rnf5,Rnf5_1,Rnf5_2
Rnf6,Rnf6_1,Rnf6_3
Rnf7,Rnf7_1,Rnf7_3
Rnf8,Rnf8_1,Rnf8_2
Rnf8-cmtr1,Rnf8-cmtr1_1,Rnf8-cmtr1_2
Rnft2,Rnft2_2,Rnft2_3
Rptor,Rptor_1,Rptor_2
Rptor,Rptor_1,Rptor_3
Rptor,Rptor_1,Rptor_2
Rptor,Rptor_2,Rptor_3
Rptor,Rptor_1,Rptor_3
Rptor,Rptor_2,Rptor_3
Rrp9,Rrp9_1,Rrp9_2
Rrp9,Rrp9_1,Rrp9_3
Rrp9,Rrp9_1,Rrp9_2
Rrp9,Rrp9_2,Rrp9_3
Rrp9,Rrp9_1,Rrp9_3
Rrp9,Rrp9_2,Rrp9_3
Rspry1,Rspry1_2,Rspry1_3
Rwdd3,Rwdd3_1,Rwdd3_3
Rwdd3,Rwdd3_1,Rwdd3_3
Sart1,Sart1_2,Sart1_3
Sart1,Sart1_2,Sart1_3
Scap,Scap_1,Scap_2
Scap,Scap_1,Scap_3
Scap,Scap_1,Scap_2
Scap,Scap_2,Scap_3
Scap,Scap_1,Scap_3
Scap,Scap_2,Scap_3
Scnn1a,Scnn1a_1,Scnn1a_3
Sdc1,Sdc1_1,Sdc1_2
Sdc1,Sdc1_1,Sdc1_3
Sdc1,Sdc1_1,Sdc1_2
Sdc1,Sdc1_2,Sdc1_3
Sdc1,Sdc1_1,Sdc1_3
Sdc1,Sdc1_2,Sdc1_3
Sec13,Sec13_1,Sec13_3
Sec13,Sec13_1,Sec13_3
Sec31a,Sec31a_1,Sec31a_2
Sec31a,Sec31a_1,Sec31a_3
Sec31a,Sec31a_1,Sec31a_2
Sec31a,Sec31a_2,Sec31a_3
Sec31a,Sec31a_1,Sec31a_3
Sec31a,Sec31a_2,Sec31a_3
Sec31b,Sec31b_1,Sec31b_2
Seh1l,Seh1l_1,Seh1l_2
Seh1l,Seh1l_1,Seh1l_3
Seh1l,Seh1l_1,Seh1l_2
Seh1l,Seh1l_2,Seh1l_3
Seh1l,Seh1l_1,Seh1l_3
Seh1l,Seh1l_2,Seh1l_3
Sept4,Sept4_2,Sept4_3
Sh3gl2,Sh3gl2_1,Sh3gl2_2
Sh3rf1,Sh3rf1_1,Sh3rf1_2
Sh3rf3,Sh3rf3_1,Sh3rf3_2
Shkbp1,Shkbp1_1,Shkbp1_3
Shprh,Shprh_1,Shprh_3
Siah1-ps1,Siah1-ps1_1,Siah1-ps1_2
Siah1a,Siah1a_1,Siah1a_2
Siah1b,Siah1b_2,Siah1b_3
Siah2,Siah2_1,Siah2_2
Siah3,Siah3_1,Siah3_3
Skp1a,Skp1a_1,Skp1a_2
Skp1a,Skp1a_1,Skp1a_2
Skp2,Skp2_2,Skp2_3
Slitrk5,Slitrk5_1,Slitrk5_2
Smad1,Smad1_1,Smad1_3
Smad2,Smad2_1,Smad2_2
Smad2,Smad2_1,Smad2_3
Smad2,Smad2_1,Smad2_2
Smad2,Smad2_2,Smad2_3
Smad2,Smad2_1,Smad2_3
Smad2,Smad2_2,Smad2_3
Smad3,Smad3_2,Smad3_3
Smu1,Smu1_1,Smu1_3
Smu1,Smu1_1,Smu1_3
Smurf1,Smurf1_1,Smurf1_3
Smurf2,Smurf2_2,Smurf2_3
Smyd1,Smyd1_1,Smyd1_2
Snai1,Snai1_2,Snai1_3
Snca,Snca_1,Snca_3
Snrnp40,Snrnp40_1,Snrnp40_2
Snrnp40,Snrnp40_1,Snrnp40_3
Snrnp40,Snrnp40_1,Snrnp40_2
Snrnp40,Snrnp40_2,Snrnp40_3
Snrnp40,Snrnp40_1,Snrnp40_3
Snrnp40,Snrnp40_2,Snrnp40_3
Socs1,Socs1_1,Socs1_2
Socs2,Socs2_2,Socs2_3
Socs3,Socs3_1,Socs3_2
Socs3,Socs3_1,Socs3_3
Socs3,Socs3_1,Socs3_2
Socs3,Socs3_2,Socs3_3
Socs3,Socs3_1,Socs3_3
Socs3,Socs3_2,Socs3_3
Socs4,Socs4_1,Socs4_2
Socs5,Socs5_1,Socs5_3
Socs6,Socs6_2,Socs6_3
Socs7,Socs7_1,Socs7_2
Spag16,Spag16_1,Spag16_2
Spop,Spop_1,Spop_2
Spop,Spop_1,Spop_3
Spop,Spop_1,Spop_2
Spop,Spop_2,Spop_3
Spop,Spop_1,Spop_3
Spop,Spop_2,Spop_3
Spsb1,Spsb1_1,Spsb1_3
Sqstm1,Sqstm1_1,Sqstm1_2
Sqstm1,Sqstm1_1,Sqstm1_3
Sqstm1,Sqstm1_1,Sqstm1_2
Sqstm1,Sqstm1_2,Sqstm1_3
Sqstm1,Sqstm1_1,Sqstm1_3
Sqstm1,Sqstm1_2,Sqstm1_3
Src,Src_1,Src_3
Ssr3,Ssr3_1,Ssr3_2
Ssr3,Ssr3_1,Ssr3_3
Ssr3,Ssr3_1,Ssr3_2
Ssr3,Ssr3_2,Ssr3_3
Ssr3,Ssr3_1,Ssr3_3
Ssr3,Ssr3_2,Ssr3_3
Stap2,Stap2_1,Stap2_2
Stat1,Stat1_2,Stat1_3
Stat3,Stat3_1,Stat3_2
Stat3,Stat3_1,Stat3_3
Stat3,Stat3_1,Stat3_2
Stat3,Stat3_2,Stat3_3
Stat3,Stat3_1,Stat3_3
Stat3,Stat3_2,Stat3_3
Stc1,Stc1_1,Stc1_2
Strap,Strap_1,Strap_2
Strap,Strap_1,Strap_2
Strn,Strn_2,Strn_3
Strn3,Strn3_2,Strn3_3
Strn4,Strn4_1,Strn4_2
Stub1,Stub1_1,Stub1_2
Stub1,Stub1_1,Stub1_3
Stub1,Stub1_1,Stub1_2
Stub1,Stub1_2,Stub1_3
Stub1,Stub1_1,Stub1_3
Stub1,Stub1_2,Stub1_3
Stxbp5,Stxbp5_1,Stxbp5_3
Stxbp5l,Stxbp5l_2,Stxbp5l_3
Sumo1,Sumo1_2,Sumo1_3
Syk,Syk_1,Syk_2
Syk,Syk_1,Syk_3
Syk,Syk_1,Syk_2
Syk,Syk_2,Syk_3
Syk,Syk_1,Syk_3
Syk,Syk_2,Syk_3
Syvn1,Syvn1_1,Syvn1_2
Syvn1,Syvn1_1,Syvn1_3
Syvn1,Syvn1_1,Syvn1_2
Syvn1,Syvn1_2,Syvn1_3
Syvn1,Syvn1_1,Syvn1_3
Syvn1,Syvn1_2,Syvn1_3
Tab1,Tab1_1,Tab1_2
Taf3,Taf3_1,Taf3_2
Taf3,Taf3_1,Taf3_3
Taf3,Taf3_1,Taf3_2
Taf3,Taf3_2,Taf3_3
Taf3,Taf3_1,Taf3_3
Taf3,Taf3_2,Taf3_3
Taf5,Taf5_1,Taf5_2
Taf5,Taf5_1,Taf5_3
Taf5,Taf5_1,Taf5_2
Taf5,Taf5_2,Taf5_3
Taf5,Taf5_1,Taf5_3
Taf5,Taf5_2,Taf5_3
Taf5l,Taf5l_1,Taf5l_2
Taf5l,Taf5l_1,Taf5l_3
Taf5l,Taf5l_1,Taf5l_2
Taf5l,Taf5l_2,Taf5l_3
Taf5l,Taf5l_1,Taf5l_3
Taf5l,Taf5l_2,Taf5l_3
Tank,Tank_1,Tank_2
Tank,Tank_1,Tank_2
Tbc1d31,Tbc1d31_1,Tbc1d31_2
Tbk1,Tbk1_1,Tbk1_2
Tbk1,Tbk1_1,Tbk1_3
Tbk1,Tbk1_1,Tbk1_2
Tbk1,Tbk1_2,Tbk1_3
Tbk1,Tbk1_1,Tbk1_3
Tbk1,Tbk1_2,Tbk1_3
Tbl1x,Tbl1x_1,Tbl1x_2
Tbl1xr1,Tbl1xr1_1,Tbl1xr1_2
Tbl1xr1,Tbl1xr1_1,Tbl1xr1_3
Tbl1xr1,Tbl1xr1_1,Tbl1xr1_2
Tbl1xr1,Tbl1xr1_2,Tbl1xr1_3
Tbl1xr1,Tbl1xr1_1,Tbl1xr1_3
Tbl1xr1,Tbl1xr1_2,Tbl1xr1_3
Tbl2,Tbl2_1,Tbl2_2
Tbl3,Tbl3_1,Tbl3_2
Tbl3,Tbl3_1,Tbl3_3
Tbl3,Tbl3_1,Tbl3_2
Tbl3,Tbl3_2,Tbl3_3
Tbl3,Tbl3_1,Tbl3_3
Tbl3,Tbl3_2,Tbl3_3
Tceb1,Tceb1_1,Tceb1_2
Tceb1,Tceb1_1,Tceb1_3
Tceb1,Tceb1_1,Tceb1_2
Tceb1,Tceb1_2,Tceb1_3
Tceb1,Tceb1_1,Tceb1_3
Tceb1,Tceb1_2,Tceb1_3
Tceb2,Tceb2_1,Tceb2_2
Tceb2,Tceb2_1,Tceb2_3
Tceb2,Tceb2_1,Tceb2_2
Tceb2,Tceb2_2,Tceb2_3
Tceb2,Tceb2_1,Tceb2_3
Tceb2,Tceb2_2,Tceb2_3
Tceb3,Tceb3_1,Tceb3_2
Tceb3,Tceb3_1,Tceb3_3
Tceb3,Tceb3_1,Tceb3_2
Tceb3,Tceb3_2,Tceb3_3
Tceb3,Tceb3_1,Tceb3_3
Tceb3,Tceb3_2,Tceb3_3
Tdpoz1,Tdpoz1_2,Tdpoz1_3
Tdpoz2,Tdpoz2_2,Tdpoz2_3
Tdpoz3,Tdpoz3_1,Tdpoz3_2
Tdpoz4,Tdpoz4_1,Tdpoz4_2
Tdpoz4,Tdpoz4_1,Tdpoz4_2
Tdpoz5,Tdpoz5_1,Tdpoz5_3
Tep1,Tep1_1,Tep1_2
Thoc3,Thoc3_1,Thoc3_2
Thoc3,Thoc3_1,Thoc3_3
Thoc3,Thoc3_1,Thoc3_2
Thoc3,Thoc3_2,Thoc3_3
Thoc3,Thoc3_1,Thoc3_3
Thoc3,Thoc3_2,Thoc3_3
Thoc6,Thoc6_1,Thoc6_2
Thoc6,Thoc6_1,Thoc6_3
Thoc6,Thoc6_1,Thoc6_2
Thoc6,Thoc6_2,Thoc6_3
Thoc6,Thoc6_1,Thoc6_3
Thoc6,Thoc6_2,Thoc6_3
Tle1,Tle1_1,Tle1_3
Tle2,Tle2_2,Tle2_3
Tle3,Tle3_1,Tle3_3
Tle4,Tle4_2,Tle4_3
Tlr2,Tlr2_2,Tlr2_3
Tlr4,Tlr4_1,Tlr4_2
Tlr4,Tlr4_1,Tlr4_3
Tlr4,Tlr4_1,Tlr4_2
Tlr4,Tlr4_2,Tlr4_3
Tlr4,Tlr4_1,Tlr4_3
Tlr4,Tlr4_2,Tlr4_3
Tmem129,Tmem129_1,Tmem129_3
Tmem173,Tmem173_1,Tmem173_2
Tmem183a,Tmem183a_2,Tmem183a_3
Tmf1,Tmf1_2,Tmf1_3
Tnf,Tnf_1,Tnf_2
Tnf,Tnf_1,Tnf_3
Tnf,Tnf_1,Tnf_2
Tnf,Tnf_2,Tnf_3
Tnf,Tnf_1,Tnf_3
Tnf,Tnf_2,Tnf_3
Tnfaip1,Tnfaip1_2,Tnfaip1_3
Tnfsf11,Tnfsf11_1,Tnfsf11_3
Topors,Topors_1,Topors_3
Tradd,Tradd_2,Tradd_3
Traf2,Traf2_1,Traf2_3
Traf2,Traf2_1,Traf2_3
Traf3,Traf3_1,Traf3_2
Traf3,Traf3_1,Traf3_3
Traf3,Traf3_1,Traf3_2
Traf3,Traf3_2,Traf3_3
Traf3,Traf3_1,Traf3_3
Traf3,Traf3_2,Traf3_3
Traf3ip2,Traf3ip2_2,Traf3ip2_3
Traf4,Traf4_1,Traf4_2
Traf5,Traf5_1,Traf5_2
Traf5,Traf5_1,Traf5_2
Traf6,Traf6_1,Traf6_2
Traf6,Traf6_1,Traf6_3
Traf6,Traf6_1,Traf6_2
Traf6,Traf6_2,Traf6_3
Traf6,Traf6_1,Traf6_3
Traf6,Traf6_2,Traf6_3
Traf7,Traf7_1,Traf7_3
Traip,Traip_1,Traip_3
Trib3,Trib3_1,Trib3_3
Trim10,Trim10_2,Trim10_3
Trim11,Trim11_1,Trim11_2
Trim12c,Trim12c_1,Trim12c_2
Trim13,Trim13_1,Trim13_3
Trim15,Trim15_1,Trim15_3
Trim15,Trim15_1,Trim15_3
Trim16,Trim16_1,Trim16_2
Trim2,Trim2_2,Trim2_3
Trim21,Trim21_2,Trim21_3
Trim23,Trim23_2,Trim23_3
Trim24,Trim24_1,Trim24_2
Trim24,Trim24_1,Trim24_2
Trim25,Trim25_1,Trim25_3
Trim27,Trim27_2,Trim27_3
Trim28,Trim28_1,Trim28_2
Trim28,Trim28_1,Trim28_3
Trim28,Trim28_1,Trim28_2
Trim28,Trim28_2,Trim28_3
Trim28,Trim28_1,Trim28_3
Trim28,Trim28_2,Trim28_3
Trim3,Trim3_1,Trim3_2
Trim30a,Trim30a_2,Trim30a_3
Trim30c,Trim30c_1,Trim30c_2
Trim30d,Trim30d_2,Trim30d_3
Trim31,Trim31_1,Trim31_2
Trim32,Trim32_2,Trim32_3
Trim33,Trim33_2,Trim33_3
Trim33,Trim33_2,Trim33_3
Trim34b,Trim34b_1,Trim34b_2
Trim35,Trim35_2,Trim35_3
Trim36,Trim36_1,Trim36_2
Trim37,Trim37_1,Trim37_2
Trim38,Trim38_2,Trim38_3
Trim39,Trim39_1,Trim39_2
Trim40,Trim40_1,Trim40_2
Trim43c,Trim43c_1,Trim43c_2
Trim45,Trim45_2,Trim45_3
Trim46,Trim46_2,Trim46_3
Trim47,Trim47_1,Trim47_2
Trim5,Trim5_1,Trim5_2
Trim50,Trim50_1,Trim50_2
Trim52,Trim52_1,Trim52_2
Trim54,Trim54_1,Trim54_3
Trim55,Trim55_1,Trim55_3
Trim56,Trim56_1,Trim56_2
Trim58,Trim58_2,Trim58_3
Trim6,Trim6_2,Trim6_3
Trim60,Trim60_2,Trim60_3
Trim62,Trim62_1,Trim62_3
Trim67,Trim67_2,Trim67_3
Trim68,Trim68_1,Trim68_3
Trim69,Trim69_2,Trim69_3
Trim7,Trim7_1,Trim7_2
Trim71,Trim71_2,Trim71_3
Trim72,Trim72_1,Trim72_2
Trim75,Trim75_1,Trim75_3
Trim8,Trim8_1,Trim8_2
Trim80,Trim80_1,Trim80_2
Trim9,Trim9_1,Trim9_2
Triml1,Triml1_2,Triml1_3
Triml2,Triml2_1,Triml2_2
Trip12,Trip12_1,Trip12_2
Trip12,Trip12_1,Trip12_3
Trip12,Trip12_1,Trip12_2
Trip12,Trip12_2,Trip12_3
Trip12,Trip12_1,Trip12_3
Trip12,Trip12_2,Trip12_3
Trp53,Trp53_1,Trp53_2
Trp53,Trp53_1,Trp53_3
Trp53,Trp53_1,Trp53_2
Trp53,Trp53_2,Trp53_3
Trp53,Trp53_1,Trp53_3
Trp53,Trp53_2,Trp53_3
Trpc4ap,Trpc4ap_1,Trpc4ap_3
Tssc1,Tssc1_1,Tssc1_3
Ttc3,Ttc3_1,Ttc3_3
Ttll3,Ttll3_1,Ttll3_3
Ttll8,Ttll8_1,Ttll8_2
Ubac1,Ubac1_1,Ubac1_3
Ube2c,Ube2c_1,Ube2c_2
Ube2cbp,Ube2cbp_1,Ube2cbp_2
Ube2d1,Ube2d1_1,Ube2d1_3
Ube2d2a,Ube2d2a_1,Ube2d2a_2
Ube2d3,Ube2d3_1,Ube2d3_2
Ube2d3,Ube2d3_1,Ube2d3_3
Ube2d3,Ube2d3_1,Ube2d3_2
Ube2d3,Ube2d3_2,Ube2d3_3
Ube2d3,Ube2d3_1,Ube2d3_3
Ube2d3,Ube2d3_2,Ube2d3_3
Ube2e1,Ube2e1_2,Ube2e1_3
Ube2e1,Ube2e1_2,Ube2e1_3
Ube2e3,Ube2e3_1,Ube2e3_2
Ube2e3,Ube2e3_1,Ube2e3_3
Ube2e3,Ube2e3_1,Ube2e3_2
Ube2e3,Ube2e3_2,Ube2e3_3
Ube2e3,Ube2e3_1,Ube2e3_3
Ube2e3,Ube2e3_2,Ube2e3_3
Ube2f,Ube2f_1,Ube2f_2
Ube2f,Ube2f_1,Ube2f_3
Ube2f,Ube2f_1,Ube2f_2
Ube2f,Ube2f_2,Ube2f_3
Ube2f,Ube2f_1,Ube2f_3
Ube2f,Ube2f_2,Ube2f_3
Ube2h,Ube2h_1,Ube2h_2
Ube2h,Ube2h_1,Ube2h_3
Ube2h,Ube2h_1,Ube2h_2
Ube2h,Ube2h_2,Ube2h_3
Ube2h,Ube2h_1,Ube2h_3
Ube2h,Ube2h_2,Ube2h_3
Ube2i,Ube2i_1,Ube2i_3
Ube2i,Ube2i_1,Ube2i_3
Ube2j2,Ube2j2_1,Ube2j2_3
Ube2n,Ube2n_1,Ube2n_2
Ube2n,Ube2n_1,Ube2n_3
Ube2n,Ube2n_1,Ube2n_2
Ube2n,Ube2n_2,Ube2n_3
Ube2n,Ube2n_1,Ube2n_3
Ube2n,Ube2n_2,Ube2n_3
Ube2o,Ube2o_1,Ube2o_2
Ube3a,Ube3a_1,Ube3a_3
Ube3b,Ube3b_1,Ube3b_3
Ube3b,Ube3b_1,Ube3b_3
Ube3c,Ube3c_1,Ube3c_2
Ube3c,Ube3c_1,Ube3c_3
Ube3c,Ube3c_1,Ube3c_2
Ube3c,Ube3c_2,Ube3c_3
Ube3c,Ube3c_1,Ube3c_3
Ube3c,Ube3c_2,Ube3c_3
Ube4a,Ube4a_2,Ube4a_3
Ube4b,Ube4b_1,Ube4b_3
Ubox5,Ubox5_1,Ubox5_3
Ubr1,Ubr1_2,Ubr1_3
Ubr2,Ubr2_1,Ubr2_3
Ubr3,Ubr3_2,Ubr3_3
Ubr4,Ubr4_1,Ubr4_2
Ubr4,Ubr4_1,Ubr4_3
Ubr4,Ubr4_1,Ubr4_2
Ubr4,Ubr4_2,Ubr4_3
Ubr4,Ubr4_1,Ubr4_3
Ubr4,Ubr4_2,Ubr4_3
Ubr5,Ubr5_1,Ubr5_2
Ubr5,Ubr5_1,Ubr5_3
Ubr5,Ubr5_1,Ubr5_2
Ubr5,Ubr5_2,Ubr5_3
Ubr5,Ubr5_1,Ubr5_3
Ubr5,Ubr5_2,Ubr5_3
Ubr7,Ubr7_1,Ubr7_3
Ufl1,Ufl1_1,Ufl1_2
Ufl1,Ufl1_1,Ufl1_3
Ufl1,Ufl1_1,Ufl1_2
Ufl1,Ufl1_2,Ufl1_3
Ufl1,Ufl1_1,Ufl1_3
Ufl1,Ufl1_2,Ufl1_3
Ufm1,Ufm1_2,Ufm1_3
Uhrf1,Uhrf1_1,Uhrf1_2
Uhrf1,Uhrf1_1,Uhrf1_3
Uhrf1,Uhrf1_1,Uhrf1_2
Uhrf1,Uhrf1_2,Uhrf1_3
Uhrf1,Uhrf1_1,Uhrf1_3
Uhrf1,Uhrf1_2,Uhrf1_3
Uhrf2,Uhrf2_2,Uhrf2_3
Unkl,Unkl_2,Unkl_3
Upf1,Upf1_1,Upf1_2
Upf1,Upf1_1,Upf1_3
Upf1,Upf1_1,Upf1_2
Upf1,Upf1_2,Upf1_3
Upf1,Upf1_1,Upf1_3
Upf1,Upf1_2,Upf1_3
Usp15,Usp15_1,Usp15_2
Usp28,Usp28_1,Usp28_2
Utp15,Utp15_1,Utp15_2
Utp15,Utp15_1,Utp15_3
Utp15,Utp15_1,Utp15_2
Utp15,Utp15_2,Utp15_3
Utp15,Utp15_1,Utp15_3
Utp15,Utp15_2,Utp15_3
Utp18,Utp18_1,Utp18_2
Utp18,Utp18_1,Utp18_3
Utp18,Utp18_1,Utp18_2
Utp18,Utp18_2,Utp18_3
Utp18,Utp18_1,Utp18_3
Utp18,Utp18_2,Utp18_3
Vdr,Vdr_2,Vdr_3
Vhl,Vhl_1,Vhl_2
Vhl,Vhl_1,Vhl_3
Vhl,Vhl_1,Vhl_2
Vhl,Vhl_2,Vhl_3
Vhl,Vhl_1,Vhl_3
Vhl,Vhl_2,Vhl_3
Vldlr,Vldlr_2,Vldlr_3
Vprbp,Vprbp_1,Vprbp_2
Vprbp,Vprbp_1,Vprbp_3
Vprbp,Vprbp_1,Vprbp_2
Vprbp,Vprbp_2,Vprbp_3
Vprbp,Vprbp_1,Vprbp_3
Vprbp,Vprbp_2,Vprbp_3
Vps41,Vps41_1,Vps41_2
Wdfy1,Wdfy1_2,Wdfy1_3
Wdfy2,Wdfy2_2,Wdfy2_3
Wdfy3,Wdfy3_1,Wdfy3_2
Wdfy3,Wdfy3_1,Wdfy3_3
Wdfy3,Wdfy3_1,Wdfy3_2
Wdfy3,Wdfy3_2,Wdfy3_3
Wdfy3,Wdfy3_1,Wdfy3_3
Wdfy3,Wdfy3_2,Wdfy3_3
Wdfy4,Wdfy4_1,Wdfy4_2
Wdhd1,Wdhd1_1,Wdhd1_2
Wdhd1,Wdhd1_1,Wdhd1_3
Wdhd1,Wdhd1_1,Wdhd1_2
Wdhd1,Wdhd1_2,Wdhd1_3
Wdhd1,Wdhd1_1,Wdhd1_3
Wdhd1,Wdhd1_2,Wdhd1_3
Wdr1,Wdr1_1,Wdr1_2
Wdr1,Wdr1_1,Wdr1_3
Wdr1,Wdr1_1,Wdr1_2
Wdr1,Wdr1_2,Wdr1_3
Wdr1,Wdr1_1,Wdr1_3
Wdr1,Wdr1_2,Wdr1_3
Wdr11,Wdr11_2,Wdr11_3
Wdr12,Wdr12_2,Wdr12_3
Wdr13,Wdr13_1,Wdr13_3
Wdr17,Wdr17_2,Wdr17_3
Wdr18,Wdr18_1,Wdr18_3
Wdr20,Wdr20_1,Wdr20_2
Wdr20rt,Wdr20rt_2,Wdr20rt_3
Wdr24,Wdr24_1,Wdr24_3
Wdr25,Wdr25_2,Wdr25_3
Wdr26,Wdr26_1,Wdr26_2
Wdr26,Wdr26_1,Wdr26_3
Wdr26,Wdr26_1,Wdr26_2
Wdr26,Wdr26_2,Wdr26_3
Wdr26,Wdr26_1,Wdr26_3
Wdr26,Wdr26_2,Wdr26_3
Wdr27,Wdr27_2,Wdr27_3
Wdr3,Wdr3_1,Wdr3_3
Wdr3,Wdr3_1,Wdr3_3
Wdr33,Wdr33_1,Wdr33_2
Wdr33,Wdr33_1,Wdr33_3
Wdr33,Wdr33_1,Wdr33_2
Wdr33,Wdr33_2,Wdr33_3
Wdr33,Wdr33_1,Wdr33_3
Wdr33,Wdr33_2,Wdr33_3
Wdr36,Wdr36_1,Wdr36_2
Wdr37,Wdr37_2,Wdr37_3
Wdr38,Wdr38_1,Wdr38_3
Wdr41,Wdr41_1,Wdr41_2
Wdr43,Wdr43_1,Wdr43_2
Wdr43,Wdr43_1,Wdr43_2
Wdr44,Wdr44_2,Wdr44_3
Wdr45,Wdr45_1,Wdr45_2
Wdr45b,Wdr45b_1,Wdr45b_2
Wdr47,Wdr47_2,Wdr47_3
Wdr48,Wdr48_1,Wdr48_2
Wdr5,Wdr5_1,Wdr5_3
Wdr5,Wdr5_1,Wdr5_3
Wdr54,Wdr54_1,Wdr54_3
Wdr55,Wdr55_2,Wdr55_3
Wdr59,Wdr59_1,Wdr59_3
Wdr5b,Wdr5b_1,Wdr5b_3
Wdr60,Wdr60_1,Wdr60_3
Wdr61,Wdr61_1,Wdr61_2
Wdr61,Wdr61_1,Wdr61_3
Wdr61,Wdr61_1,Wdr61_2
Wdr61,Wdr61_2,Wdr61_3
Wdr61,Wdr61_1,Wdr61_3
Wdr61,Wdr61_2,Wdr61_3
Wdr62,Wdr62_1,Wdr62_3
Wdr63,Wdr63_1,Wdr63_3
Wdr64,Wdr64_1,Wdr64_2
Wdr66,Wdr66_1,Wdr66_2
Wdr7,Wdr7_1,Wdr7_2
Wdr70,Wdr70_1,Wdr70_2
Wdr70,Wdr70_1,Wdr70_3
Wdr70,Wdr70_1,Wdr70_2
Wdr70,Wdr70_2,Wdr70_3
Wdr70,Wdr70_1,Wdr70_3
Wdr70,Wdr70_2,Wdr70_3
Wdr72,Wdr72_1,Wdr72_2
Wdr73,Wdr73_1,Wdr73_2
Wdr74,Wdr74_1,Wdr74_2
Wdr74,Wdr74_1,Wdr74_3
Wdr74,Wdr74_1,Wdr74_2
Wdr74,Wdr74_2,Wdr74_3
Wdr74,Wdr74_1,Wdr74_3
Wdr74,Wdr74_2,Wdr74_3
Wdr75,Wdr75_1,Wdr75_2
Wdr75,Wdr75_1,Wdr75_3
Wdr75,Wdr75_1,Wdr75_2
Wdr75,Wdr75_2,Wdr75_3
Wdr75,Wdr75_1,Wdr75_3
Wdr75,Wdr75_2,Wdr75_3
Wdr76,Wdr76_1,Wdr76_3
Wdr77,Wdr77_1,Wdr77_2
Wdr77,Wdr77_1,Wdr77_3
Wdr77,Wdr77_1,Wdr77_2
Wdr77,Wdr77_2,Wdr77_3
Wdr77,Wdr77_1,Wdr77_3
Wdr77,Wdr77_2,Wdr77_3
Wdr78,Wdr78_2,Wdr78_3
Wdr81,Wdr81_1,Wdr81_2
Wdr81,Wdr81_1,Wdr81_3
Wdr81,Wdr81_1,Wdr81_2
Wdr81,Wdr81_2,Wdr81_3
Wdr81,Wdr81_1,Wdr81_3
Wdr81,Wdr81_2,Wdr81_3
Wdr82,Wdr82_1,Wdr82_2
Wdr82,Wdr82_1,Wdr82_3
Wdr82,Wdr82_1,Wdr82_2
Wdr82,Wdr82_2,Wdr82_3
Wdr82,Wdr82_1,Wdr82_3
Wdr82,Wdr82_2,Wdr82_3
Wdr83,Wdr83_1,Wdr83_2
Wdr83,Wdr83_1,Wdr83_2
Wdr86,Wdr86_1,Wdr86_2
Wdr89,Wdr89_1,Wdr89_3
Wdr90,Wdr90_1,Wdr90_2
Wdr91,Wdr91_1,Wdr91_3
Wdr92,Wdr92_1,Wdr92_2
Wdr95,Wdr95_2,Wdr95_3
Wdsub1,Wdsub1_1,Wdsub1_2
Wdsub1,Wdsub1_1,Wdsub1_3
Wdsub1,Wdsub1_1,Wdsub1_2
Wdsub1,Wdsub1_2,Wdsub1_3
Wdsub1,Wdsub1_1,Wdsub1_3
Wdsub1,Wdsub1_2,Wdsub1_3
Wdtc1,Wdtc1_1,Wdtc1_2
Whsc1,Whsc1_1,Whsc1_2
Whsc1,Whsc1_1,Whsc1_2
Whsc1l1,Whsc1l1_1,Whsc1l1_3
Wipi2,Wipi2_2,Wipi2_3
Wrap53,Wrap53_1,Wrap53_3
Wrap73,Wrap73_1,Wrap73_3
Wsb1,Wsb1_2,Wsb1_3
Wsb2,Wsb2_1,Wsb2_2
Wwp1,Wwp1_2,Wwp1_3
Wwp2,Wwp2_1,Wwp2_2
Wwtr1,Wwtr1_2,Wwtr1_3
Xiap,Xiap_1,Xiap_2
Ybx1,Ybx1_1,Ybx1_2
Ybx1,Ybx1_1,Ybx1_3
Ybx1,Ybx1_1,Ybx1_2
Ybx1,Ybx1_2,Ybx1_3
Ybx1,Ybx1_1,Ybx1_3
Ybx1,Ybx1_2,Ybx1_3
Zbtb1,Zbtb1_2,Zbtb1_3
Zbtb10,Zbtb10_1,Zbtb10_2
Zbtb11,Zbtb11_1,Zbtb11_2
Zbtb11,Zbtb11_1,Zbtb11_2
Zbtb14,Zbtb14_1,Zbtb14_2
Zbtb14,Zbtb14_1,Zbtb14_3
Zbtb14,Zbtb14_1,Zbtb14_2
Zbtb14,Zbtb14_2,Zbtb14_3
Zbtb14,Zbtb14_1,Zbtb14_3
Zbtb14,Zbtb14_2,Zbtb14_3
Zbtb16,Zbtb16_1,Zbtb16_2
Zbtb17,Zbtb17_1,Zbtb17_2
Zbtb17,Zbtb17_1,Zbtb17_3
Zbtb17,Zbtb17_1,Zbtb17_2
Zbtb17,Zbtb17_2,Zbtb17_3
Zbtb17,Zbtb17_1,Zbtb17_3
Zbtb17,Zbtb17_2,Zbtb17_3
Zbtb18,Zbtb18_1,Zbtb18_2
Zbtb2,Zbtb2_1,Zbtb2_2
Zbtb2,Zbtb2_1,Zbtb2_3
Zbtb2,Zbtb2_1,Zbtb2_2
Zbtb2,Zbtb2_2,Zbtb2_3
Zbtb2,Zbtb2_1,Zbtb2_3
Zbtb2,Zbtb2_2,Zbtb2_3
Zbtb20,Zbtb20_1,Zbtb20_2
Zbtb21,Zbtb21_1,Zbtb21_3
Zbtb22,Zbtb22_2,Zbtb22_3
Zbtb24,Zbtb24_1,Zbtb24_2
Zbtb25,Zbtb25_1,Zbtb25_2
Zbtb33,Zbtb33_2,Zbtb33_3
Zbtb34,Zbtb34_1,Zbtb34_3
Zbtb38,Zbtb38_1,Zbtb38_3
Zbtb39,Zbtb39_1,Zbtb39_3
Zbtb4,Zbtb4_1,Zbtb4_3
Zbtb40,Zbtb40_1,Zbtb40_3
Zbtb41,Zbtb41_1,Zbtb41_2
Zbtb42,Zbtb42_2,Zbtb42_3
Zbtb43,Zbtb43_1,Zbtb43_2
Zbtb44,Zbtb44_1,Zbtb44_2
Zbtb45,Zbtb45_1,Zbtb45_2
Zbtb46,Zbtb46_2,Zbtb46_3
Zbtb48,Zbtb48_2,Zbtb48_3
Zbtb49,Zbtb49_1,Zbtb49_2
Zbtb5,Zbtb5_1,Zbtb5_2
Zbtb7a,Zbtb7a_1,Zbtb7a_2
Zbtb7a,Zbtb7a_1,Zbtb7a_3
Zbtb7a,Zbtb7a_1,Zbtb7a_2
Zbtb7a,Zbtb7a_2,Zbtb7a_3
Zbtb7a,Zbtb7a_1,Zbtb7a_3
Zbtb7a,Zbtb7a_2,Zbtb7a_3
Zbtb7b,Zbtb7b_1,Zbtb7b_2
Zbtb7b,Zbtb7b_1,Zbtb7b_3
Zbtb7b,Zbtb7b_1,Zbtb7b_2
Zbtb7b,Zbtb7b_2,Zbtb7b_3
Zbtb7b,Zbtb7b_1,Zbtb7b_3
Zbtb7b,Zbtb7b_2,Zbtb7b_3
Zbtb7c,Zbtb7c_2,Zbtb7c_3
Zbtb8a,Zbtb8a_1,Zbtb8a_3
Zbtb8b,Zbtb8b_1,Zbtb8b_3
Zbtb9,Zbtb9_1,Zbtb9_3
Zc3hc1,Zc3hc1_2,Zc3hc1_3
Zfp106,Zfp106_1,Zfp106_2
Zfp106,Zfp106_1,Zfp106_3
Zfp106,Zfp106_1,Zfp106_2
Zfp106,Zfp106_2,Zfp106_3
Zfp106,Zfp106_1,Zfp106_3
Zfp106,Zfp106_2,Zfp106_3
Zfp131,Zfp131_2,Zfp131_3
Zfp451,Zfp451_1,Zfp451_2
Zfp512b,Zfp512b_1,Zfp512b_2
Zfp598,Zfp598_2,Zfp598_3
Zfp651,Zfp651_1,Zfp651_3
Zfp91,Zfp91_1,Zfp91_2
Zmiz1,Zmiz1_1,Zmiz1_2
Zmiz1,Zmiz1_1,Zmiz1_3
Zmiz1,Zmiz1_1,Zmiz1_2
Zmiz1,Zmiz1_2,Zmiz1_3
Zmiz1,Zmiz1_1,Zmiz1_3
Zmiz1,Zmiz1_2,Zmiz1_3
Zmiz2,Zmiz2_1,Zmiz2_3
Znrf2,Znrf2_1,Znrf2_3
Znrf3,Znrf3_1,Znrf3_2
Znrf4,Znrf4_1,Znrf4_3
Zpbp2,Zpbp2_1,Zpbp2_2
