GuideName,Ncells
March1_1,600
March1_2,504
March1_3,656
March2_1,592
March2_2,300
March2_3,624
March4_1,376
March4_2,292
March4_3,476
March5_1,452
March5_2,548
March5_3,484
March6_1,576
March6_2,252
March6_3,368
March7_1,588
March7_2,628
March7_3,352
March8_1,612
March8_2,324
March8_3,872
March9_1,480
March9_2,344
March9_3,788
March11_1,280
March11_2,404
March11_3,480
4921501E09Rik_1,580
4921501E09Rik_2,692
4921501E09Rik_3,552
4930595M18Rik_1,648
4930595M18Rik_2,644
4930595M18Rik_3,608
8030462N17Rik_1,308
8030462N17Rik_2,532
8030462N17Rik_3,544
Aamp_1,548
Aamp_2,432
Aamp_3,84
Abtb1_1,700
Abtb1_2,412
Abtb1_3,196
Abtb2_1,568
Abtb2_2,576
Abtb2_3,548
Acaca_1,584
Acaca_2,628
Acaca_3,356
Ago2_1,440
Ago2_2,572
Ago2_3,508
Ahctf1_1,616
Ahctf1_2,264
Ahctf1_3,788
Ahi1_1,388
Ahi1_2,496
Ahi1_3,312
Ahr_1,296
Ahr_2,556
Ahr_3,164
Aire_1,384
Aire_2,316
Aire_3,640
Akt1_1,416
Akt1_2,676
Akt1_3,444
Ambra1_1,532
Ambra1_2,272
Ambra1_3,684
Amfr_1,644
Amfr_2,368
Amfr_3,456
Anapc1_1,520
Anapc1_2,312
Anapc1_3,672
Anapc10_1,412
Anapc10_2,516
Anapc10_3,540
Anapc11_1,276
Anapc11_2,752
Anapc11_3,760
Anapc13_1,844
Anapc13_2,648
Anapc13_3,432
Anapc2_1,460
Anapc2_2,660
Anapc2_3,648
Anapc4_1,448
Anapc4_2,576
Anapc4_3,620
Anapc5_1,400
Anapc5_2,388
Anapc5_3,376
Anapc7_1,592
Anapc7_2,384
Anapc7_3,428
Ankfy1_1,736
Ankfy1_2,264
Ankfy1_3,556
Apaf1_1,924
Apaf1_2,564
Apaf1_3,284
Apbb1_1,308
Apbb1_2,600
Apbb1_3,380
Apc_1,436
Apc_2,912
Apc_3,680
Ar_1,328
Ar_2,496
Ar_3,180
Arel1_1,388
Arel1_2,140
Arel1_3,752
Arih1_1,380
Arih1_2,564
Arih1_3,432
Arih2_1,332
Arih2_2,604
Arih2_3,580
Armc8_1,412
Armc8_2,388
Armc8_3,448
Arnt_1,584
Arnt_2,384
Arnt_3,560
Arpc1a_1,604
Arpc1a_2,472
Arpc1a_3,552
Arpc1b_1,348
Arpc1b_2,680
Arpc1b_3,596
Arrb1_1,480
Arrb1_2,616
Arrb1_3,292
Asb1_1,500
Asb1_2,544
Asb1_3,536
Asb11_1,756
Asb11_2,400
Asb11_3,424
Asb12_1,448
Asb12_2,440
Asb12_3,600
Asb14_1,556
Asb14_2,480
Asb14_3,352
Asb15_1,352
Asb15_2,776
Asb15_3,684
Asb18_1,720
Asb18_2,300
Asb18_3,368
Asb2_1,404
Asb2_2,508
Asb2_3,460
Asb3_1,556
Asb3_2,692
Asb3_3,408
Asb4_1,772
Asb4_2,600
Asb4_3,448
Asb6_1,300
Asb6_2,360
Asb6_3,436
Asb7_1,568
Asb7_2,292
Asb7_3,464
Asb8_1,720
Asb8_2,376
Asb8_3,760
Asb9_1,548
Asb9_2,932
Asb9_3,416
Atg16l1_1,420
Atg16l1_2,616
Atg16l1_3,984
Atg16l2_1,488
Atg16l2_2,532
Atg16l2_3,492
Atg5_1,496
Atg5_2,424
Atg5_3,308
Atxn3_1,636
Atxn3_2,220
Atxn3_3,468
Aurka_1,288
Aurka_2,484
Aurka_3,364
Bach1_1,672
Bach1_2,820
Bach1_3,556
Bach2_1,592
Bach2_2,384
Bach2_3,472
Bard1_1,436
Bard1_2,472
Bard1_3,292
Baz1a_1,464
Baz1a_2,500
Baz1a_3,312
Baz1b_1,360
Baz1b_2,392
Baz1b_3,520
Bcl6_1,552
Bcl6_2,604
Bcl6_3,780
Bcl6b_1,700
Bcl6b_2,500
Bcl6b_3,344
Bfar_1,388
Bfar_2,360
Bfar_3,440
Bid_1,668
Bid_2,472
Bid_3,648
Birc2_1,384
Birc2_2,540
Birc2_3,692
Birc3_1,644
Birc3_2,640
Birc3_3,544
Birc7_1,580
Birc7_2,456
Birc7_3,300
Bmi1_1,768
Bmi1_2,312
Bmi1_3,380
Bop1_1,596
Bop1_2,388
Bop1_3,764
Bptf_1,472
Bptf_2,680
Bptf_3,480
Brap_1,644
Brap_2,688
Brap_3,384
Brca1_1,360
Brca1_2,688
Brca1_3,476
Brwd1_1,532
Brwd1_2,364
Brwd1_3,664
Brwd3_1,496
Brwd3_2,480
Brwd3_3,400
Btbd1_1,492
Btbd1_2,340
Btbd1_3,272
Btbd11_1,384
Btbd11_2,360
Btbd11_3,444
Btbd18_1,472
Btbd18_2,352
Btbd18_3,544
Btbd19_1,384
Btbd19_2,432
Btbd19_3,316
Btbd2_1,740
Btbd2_2,400
Btbd2_3,552
Btbd3_1,572
Btbd3_2,436
Btbd3_3,364
Btbd6_1,456
Btbd6_2,572
Btbd6_3,628
Btbd7_1,200
Btbd7_2,768
Btbd7_3,224
Btbd8_1,300
Btbd8_2,620
Btbd8_3,180
Btbd9_1,396
Btbd9_2,804
Btbd9_3,512
Btrc_1,572
Btrc_2,356
Btrc_3,508
Bub3_1,636
Bub3_2,336
Bub3_3,488
Cacybp_1,748
Cacybp_2,744
Cacybp_3,256
Cadps2_1,556
Cadps2_2,460
Cadps2_3,624
Cbl_1,584
Cbl_2,236
Cbl_3,576
Cblb_1,404
Cblb_2,568
Cblb_3,416
Cblc_1,668
Cblc_2,316
Cblc_3,592
Cbll1_1,600
Cbll1_2,384
Cbll1_3,440
Cbx4_1,468
Cbx4_2,668
Cbx4_3,780
Ccdc40_1,352
Ccdc40_2,440
Ccdc40_3,488
Ccin_1,640
Ccin_2,452
Ccin_3,316
Ccnb1ip1_1,264
Ccnb1ip1_2,728
Ccnb1ip1_3,724
Ccnb2_1,412
Ccnb2_2,528
Ccnb2_3,800
Ccnd1_1,300
Ccnd1_2,612
Ccnd1_3,356
Ccnf_1,440
Ccnf_2,580
Ccnf_3,616
Cd28_1,708
Cd28_2,504
Cd28_3,168
Cd2ap_1,608
Cd2ap_2,176
Cd2ap_3,352
Cdc16_1,384
Cdc16_2,564
Cdc16_3,680
Cdc20_1,376
Cdc20_2,476
Cdc20_3,380
Cdc20b_1,644
Cdc20b_2,356
Cdc20b_3,376
Cdc23_1,376
Cdc23_2,340
Cdc23_3,340
Cdc26_1,604
Cdc26_2,408
Cdc26_3,580
Cdc27_1,324
Cdc27_2,656
Cdc27_3,488
Cdc34_1,180
Cdc34_2,632
Cdc34_3,464
Cdc40_1,568
Cdc40_2,584
Cdc40_3,380
Cdca3_1,344
Cdca3_2,552
Cdca3_3,392
Cdk5_1,388
Cdk5_2,484
Cdk5_3,476
Cdkn1b_1,424
Cdkn1b_2,152
Cdkn1b_3,696
Cdkn2a_1,540
Cdkn2a_2,468
Cdkn2a_3,556
Cebpb_1,392
Cebpb_2,516
Cebpb_3,236
Cfap44_1,400
Cfap44_2,356
Cfap44_3,424
Cfap52_1,484
Cfap52_2,568
Cfap52_3,248
Cfap57_1,484
Cfap57_2,888
Cfap57_3,628
Cgrrf1_1,316
Cgrrf1_2,620
Cgrrf1_3,180
Chaf1b_1,668
Chaf1b_2,280
Chaf1b_3,660
Chd3_1,360
Chd3_2,464
Chd3_3,500
Chd4_1,352
Chd4_2,620
Chd4_3,536
Chd5_1,572
Chd5_2,408
Chd5_3,844
Chfr_1,452
Chfr_2,540
Chfr_3,540
Ciao1_1,500
Ciao1_2,284
Ciao1_3,496
Cirh1a_1,456
Cirh1a_2,400
Cirh1a_3,572
Cish_1,588
Cish_2,292
Cish_3,284
Cnot4_1,676
Cnot4_2,572
Cnot4_3,652
Cntn4_1,420
Cntn4_2,672
Cntn4_3,600
Copa_1,556
Copa_2,436
Copa_3,904
Copb2_1,800
Copb2_2,416
Copb2_3,276
Coro1a_1,396
Coro1a_2,904
Coro1a_3,696
Coro1b_1,356
Coro1b_2,432
Coro1b_3,652
Coro1c_1,376
Coro1c_2,324
Coro1c_3,244
Coro2a_1,376
Coro2a_2,564
Coro2a_3,680
Coro2b_1,292
Coro2b_2,376
Coro2b_3,712
Coro6_1,616
Coro6_2,300
Coro6_3,372
Coro7_1,740
Coro7_2,560
Coro7_3,444
Cpne1_1,340
Cpne1_2,500
Cpne1_3,360
Cpne9_1,552
Cpne9_2,152
Cpne9_3,708
Crbn_1,456
Crbn_2,272
Crbn_3,680
Crebbp_1,740
Crebbp_2,408
Crebbp_3,440
Cry1_1,608
Cry1_2,308
Cry1_3,516
Cryab_1,524
Cryab_2,484
Cryab_3,668
Cstf1_1,540
Cstf1_2,476
Cstf1_3,468
Ctnnb1_1,320
Ctnnb1_2,192
Ctnnb1_3,592
Cul1_1,552
Cul1_2,184
Cul1_3,596
Cul2_1,508
Cul2_2,484
Cul2_3,196
Cul3_1,172
Cul3_2,552
Cul3_3,760
Cul4a_1,672
Cul4a_2,620
Cul4a_3,572
Cul4b_1,272
Cul4b_2,512
Cul4b_3,488
Cul5_1,316
Cul5_2,324
Cul5_3,668
Cul7_1,576
Cul7_2,532
Cul7_3,628
Cul9_1,500
Cul9_2,440
Cul9_3,544
Cxcr4_1,568
Cxcr4_2,488
Cxcr4_3,772
Cyld_1,740
Cyld_2,568
Cyld_3,264
D7Ertd443e_1,348
D7Ertd443e_2,544
D7Ertd443e_3,696
Dab1_1,420
Dab1_2,220
Dab1_3,560
Dars_1,564
Dars_2,692
Dars_3,340
Daw1_1,412
Daw1_2,400
Daw1_3,688
Dazap2_1,428
Dazap2_2,684
Dazap2_3,296
Dbt_1,388
Dbt_2,792
Dbt_3,564
Dcaf10_1,644
Dcaf10_2,508
Dcaf10_3,84
Dcaf11_1,588
Dcaf11_2,620
Dcaf11_3,160
Dcaf12_1,344
Dcaf12_2,200
Dcaf12_3,896
Dcaf12l1_1,400
Dcaf12l1_2,536
Dcaf12l1_3,556
Dcaf12l2_1,184
Dcaf12l2_2,544
Dcaf12l2_3,584
Dcaf13_1,244
Dcaf13_2,224
Dcaf13_3,580
Dcaf15_1,540
Dcaf15_2,392
Dcaf15_3,516
Dcaf17_1,292
Dcaf17_2,444
Dcaf17_3,536
Dcaf4_1,456
Dcaf4_2,636
Dcaf4_3,336
Dcaf5_1,936
Dcaf5_2,704
Dcaf5_3,184
Dcaf6_1,608
Dcaf6_2,484
Dcaf6_3,544
Dcaf7_1,616
Dcaf7_2,676
Dcaf7_3,560
Dcaf8_1,448
Dcaf8_2,580
Dcaf8_3,500
Dcst1_1,520
Dcst1_2,444
Dcst1_3,360
Dcun1d1_1,628
Dcun1d1_2,408
Dcun1d1_3,644
Dcun1d2_1,448
Dcun1d2_2,408
Dcun1d2_3,268
Dcun1d3_1,668
Dcun1d3_2,604
Dcun1d3_3,632
Dcun1d5_1,668
Dcun1d5_2,308
Dcun1d5_3,288
Dda1_1,524
Dda1_2,480
Dda1_3,180
Ddb1_1,704
Ddb1_2,132
Ddb1_3,472
Ddb2_1,632
Ddb2_2,280
Ddb2_3,668
Ddx41_1,372
Ddx41_2,568
Ddx41_3,340
Ddx58_1,236
Ddx58_2,248
Ddx58_3,452
Dennd3_1,272
Dennd3_2,36
Dennd3_3,548
Det1_1,472
Det1_2,476
Det1_3,476
Diablo_1,628
Diablo_2,668
Diablo_3,688
Dido1_1,716
Dido1_2,212
Dido1_3,436
Dio1_1,344
Dio1_2,360
Dio1_3,636
Dlg4_1,608
Dlg4_2,436
Dlg4_3,828
Dmwd_1,464
Dmwd_2,660
Dmwd_3,400
Dmxl1_1,196
Dmxl1_2,352
Dmxl1_3,264
Dmxl2_1,712
Dmxl2_2,448
Dmxl2_3,720
Dnaic1_1,360
Dnaic1_2,896
Dnaic1_3,676
Dnaic2_1,676
Dnaic2_2,612
Dnaic2_3,428
Dok3_1,384
Dok3_2,676
Dok3_3,364
Dpf1_1,584
Dpf1_2,436
Dpf1_3,480
Dpf2_1,400
Dpf2_2,412
Dpf2_3,560
Dpf3_1,768
Dpf3_2,604
Dpf3_3,380
Dph7_1,616
Dph7_2,740
Dph7_3,504
Dpy19l2_1,636
Dpy19l2_2,976
Dpy19l2_3,476
Dpysl2_1,648
Dpysl2_2,540
Dpysl2_3,368
Drd4_1,588
Drd4_2,500
Drd4_3,396
Dtl_1,228
Dtl_2,372
Dtl_3,544
Dtx1_1,612
Dtx1_2,604
Dtx1_3,104
Dtx2_1,80
Dtx2_2,608
Dtx2_3,148
Dtx3_1,468
Dtx3_2,616
Dtx3_3,628
Dtx3l_1,136
Dtx3l_2,620
Dtx3l_3,620
Dtx4_1,352
Dtx4_2,472
Dtx4_3,616
Dync1i1_1,596
Dync1i1_2,364
Dync1i1_3,584
Dync1i2_1,456
Dync1i2_2,664
Dync1i2_3,600
Dzip3_1,492
Dzip3_2,920
Dzip3_3,472
E4f1_1,428
E4f1_2,432
E4f1_3,592
Ecel1_1,516
Ecel1_2,312
Ecel1_3,476
Eed_1,588
Eed_2,344
Eed_3,564
Efcab8_1,440
Efcab8_2,860
Efcab8_3,604
Egfr_1,256
Egfr_2,796
Egfr_3,572
Egr2_1,412
Egr2_2,452
Egr2_3,508
Eif3f_1,476
Eif3f_2,364
Eif3f_3,612
Eif3i_1,396
Eif3i_2,728
Eif3i_3,532
Elp2_1,532
Elp2_2,596
Elp2_3,384
Eml1_1,588
Eml1_2,384
Eml1_3,488
Eml2_1,632
Eml2_2,564
Eml2_3,176
Eml3_1,408
Eml3_2,384
Eml3_3,356
Eml4_1,80
Eml4_2,780
Eml4_3,552
Eml5_1,456
Eml5_2,552
Eml5_3,272
Eml6_1,560
Eml6_2,248
Eml6_3,232
Enc1_1,284
Enc1_2,144
Enc1_3,132
Ep300_1,488
Ep300_2,548
Ep300_3,396
Ercc8_1,520
Ercc8_2,636
Ercc8_3,524
Exoc5_1,428
Exoc5_2,480
Exoc5_3,528
Fancl_1,340
Fancl_2,776
Fancl_3,384
Fas_1,496
Fas_2,760
Fas_3,504
Fasl_1,604
Fasl_2,424
Fasl_3,540
Fasn_1,680
Fasn_2,624
Fasn_3,172
Fbxl12_1,692
Fbxl12_2,920
Fbxl12_3,476
Fbxl13_1,620
Fbxl13_2,528
Fbxl13_3,940
Fbxl14_1,764
Fbxl14_2,380
Fbxl14_3,524
Fbxl15_1,520
Fbxl15_2,436
Fbxl15_3,360
Fbxl19_1,460
Fbxl19_2,612
Fbxl19_3,604
Fbxl2_1,448
Fbxl2_2,732
Fbxl2_3,880
Fbxl20_1,352
Fbxl20_2,288
Fbxl20_3,636
Fbxl3_1,648
Fbxl3_2,384
Fbxl3_3,304
Fbxl4_1,564
Fbxl4_2,464
Fbxl4_3,224
Fbxl5_1,444
Fbxl5_2,1028
Fbxl5_3,260
Fbxl6_1,376
Fbxl6_2,456
Fbxl6_3,600
Fbxl7_1,144
Fbxl7_2,580
Fbxl7_3,852
Fbxl8_1,464
Fbxl8_2,368
Fbxl8_3,400
Fbxo10_1,212
Fbxo10_2,568
Fbxo10_3,476
Fbxo11_1,388
Fbxo11_2,516
Fbxo11_3,628
Fbxo15_1,388
Fbxo15_2,844
Fbxo15_3,736
Fbxo17_1,416
Fbxo17_2,464
Fbxo17_3,368
Fbxo18_1,308
Fbxo18_2,288
Fbxo18_3,520
Fbxo2_1,596
Fbxo2_2,652
Fbxo2_3,516
Fbxo22_1,748
Fbxo22_2,568
Fbxo22_3,456
Fbxo25_1,444
Fbxo25_2,508
Fbxo25_3,484
Fbxo27_1,652
Fbxo27_2,608
Fbxo27_3,544
Fbxo28_1,428
Fbxo28_2,244
Fbxo28_3,500
Fbxo3_1,680
Fbxo3_2,640
Fbxo3_3,504
Fbxo30_1,436
Fbxo30_2,612
Fbxo30_3,448
Fbxo31_1,196
Fbxo31_2,580
Fbxo31_3,632
Fbxo32_1,544
Fbxo32_2,364
Fbxo32_3,228
Fbxo33_1,312
Fbxo33_2,524
Fbxo33_3,668
Fbxo4_1,376
Fbxo4_2,420
Fbxo4_3,528
Fbxo40_1,580
Fbxo40_2,464
Fbxo40_3,604
Fbxo42_1,940
Fbxo42_2,580
Fbxo42_3,232
Fbxo44_1,448
Fbxo44_2,472
Fbxo44_3,496
Fbxo45_1,752
Fbxo45_2,460
Fbxo45_3,648
Fbxo48_1,400
Fbxo48_2,308
Fbxo48_3,72
Fbxo6_1,616
Fbxo6_2,412
Fbxo6_3,552
Fbxo7_1,336
Fbxo7_2,392
Fbxo7_3,156
Fbxo9_1,508
Fbxo9_2,288
Fbxo9_3,568
Fbxw10_1,424
Fbxw10_2,376
Fbxw10_3,768
Fbxw11_1,620
Fbxw11_2,528
Fbxw11_3,376
Fbxw15_1,664
Fbxw15_2,280
Fbxw15_3,552
Fbxw2_1,380
Fbxw2_2,632
Fbxw2_3,704
Fbxw4_1,660
Fbxw4_2,428
Fbxw4_3,560
Fbxw5_1,456
Fbxw5_2,692
Fbxw5_3,464
Fbxw7_1,568
Fbxw7_2,720
Fbxw7_3,452
Fbxw8_1,652
Fbxw8_2,596
Fbxw8_3,440
Fbxw9_1,232
Fbxw9_2,372
Fbxw9_3,328
Fem1b_1,640
Fem1b_2,776
Fem1b_3,628
Fem1c_1,640
Fem1c_2,364
Fem1c_3,356
Flt3_1,612
Flt3_2,648
Flt3_3,756
Fmr1_1,628
Fmr1_2,540
Fmr1_3,388
Foxo1_1,560
Foxo1_2,564
Foxo1_3,540
Foxo3_1,432
Foxo3_2,380
Foxo3_3,372
Foxp3_1,788
Foxp3_2,296
Foxp3_3,432
Fullstats,2361996
Fus_1,484
Fus_2,528
Fus_3,408
Fzr1_1,476
Fzr1_2,548
Fzr1_3,188
G2e3_1,340
G2e3_2,440
G2e3_3,448
Gan_1,700
Gan_2,260
Gan_3,596
Gemin5_1,692
Gemin5_2,492
Gemin5_3,508
Glmn_1,816
Glmn_2,400
Glmn_3,596
Gm10696_1,424
Gm10696_2,192
Gm10696_3,504
Gm10697_1,428
Gm10697_2,696
Gm10697_3,388
Gm12361_1,484
Gm12361_2,488
Gm12361_3,500
Gm13416_1,404
Gm13416_2,516
Gm13416_3,404
Gm15800_1,236
Gm15800_2,508
Gm15800_3,484
Gm18806_1,388
Gm18806_2,584
Gm18806_3,1012
Gm18856_1,460
Gm18856_2,364
Gm18856_3,520
Gm19037_1,684
Gm19037_2,644
Gm19037_3,256
Gm19640_1,536
Gm19640_2,640
Gm19640_3,348
Gm19741_1,112
Gm19741_2,700
Gm19741_3,564
Gm21964_1,432
Gm21964_2,188
Gm21964_3,572
Gm35339_1,480
Gm35339_2,516
Gm35339_3,616
Gm3701_1,632
Gm3701_2,448
Gm3701_3,300
Gm44505_1,344
Gm44505_2,296
Gm44505_3,332
Gm4778_1,468
Gm4778_2,532
Gm4778_3,524
Gm4858_1,556
Gm4858_2,696
Gm4858_3,580
Gm5286_1,604
Gm5286_2,324
Gm5286_3,532
Gm5773_1,516
Gm5773_2,660
Gm5773_3,592
Gm7075_1,576
Gm7075_2,420
Gm7075_3,556
Gm9008_1,748
Gm9008_2,496
Gm9008_3,248
Gm9117_1,540
Gm9117_2,300
Gm9117_3,328
Gm9125_1,656
Gm9125_2,496
Gm9125_3,220
Gm9840_1,276
Gm9840_2,492
Gm9840_3,524
Gm9847_1,580
Gm9847_2,400
Gm9847_3,608
Gmcl1_1,464
Gmcl1_2,460
Gmcl1_3,440
Gmnn_1,584
Gmnn_2,324
Gmnn_3,416
Gnb1_1,508
Gnb1_2,476
Gnb1_3,520
Gnb1l_1,320
Gnb1l_2,492
Gnb1l_3,156
Gnb2_1,288
Gnb2_2,512
Gnb2_3,408
Gnb3_1,632
Gnb3_2,424
Gnb3_3,312
Gnb4_1,440
Gnb4_2,552
Gnb4_3,364
Gnb5_1,496
Gnb5_2,780
Gnb5_3,524
Grb10_1,928
Grb10_2,628
Grb10_3,128
Grb2_1,616
Grb2_2,616
Grb2_3,396
Grwd1_1,456
Grwd1_2,552
Grwd1_3,604
Gsk3b_1,504
Gsk3b_2,560
Gsk3b_3,768
Gtf2h2_1,564
Gtf2h2_2,608
Gtf2h2_3,392
Gtf3c1_1,532
Gtf3c1_2,492
Gtf3c1_3,508
Gtf3c2_1,428
Gtf3c2_2,172
Gtf3c2_3,440
Gzf1_1,632
Gzf1_2,316
Gzf1_3,540
H2afx_1,368
H2afx_2,428
H2afx_3,356
Hace1_1,500
Hace1_2,740
Hace1_3,684
Hdac4_1,408
Hdac4_2,548
Hdac4_3,824
Hectd1_1,804
Hectd1_2,480
Hectd1_3,688
Hectd2_1,540
Hectd2_2,256
Hectd2_3,516
Hectd3_1,480
Hectd3_2,632
Hectd3_3,640
Hecw1_1,408
Hecw1_2,200
Hecw1_3,312
Hecw2_1,208
Hecw2_2,424
Hecw2_3,552
Herc1_1,260
Herc1_2,1092
Herc1_3,560
Herc2_1,308
Herc2_2,532
Herc2_3,588
Herc3_1,420
Herc3_2,408
Herc3_3,460
Herc4_1,640
Herc4_2,380
Herc4_3,280
Herc6_1,424
Herc6_2,584
Herc6_3,320
Hes5_1,428
Hes5_2,556
Hes5_3,512
Hic1_1,364
Hic1_2,560
Hic1_3,168
Hic2_1,500
Hic2_2,480
Hic2_3,396
Hif1a_1,396
Hif1a_2,452
Hif1a_3,520
Hira_1,484
Hira_2,460
Hira_3,348
Hltf_1,476
Hltf_2,636
Hltf_3,1008
Hoxb4_1,540
Hoxb4_2,708
Hoxb4_3,228
Htra2_1,560
Htra2_2,708
Htra2_3,476
Huwe1_1,344
Huwe1_2,432
Huwe1_3,868
Ibtk_1,556
Ibtk_2,544
Ibtk_3,416
Icos_1,244
Icos_2,404
Icos_3,428
Ifnar1_1,468
Ifnar1_2,216
Ifnar1_3,644
Ift122_1,224
Ift122_2,364
Ift122_3,712
Ift80_1,484
Ift80_2,328
Ift80_3,516
Igf1r_1,500
Igf1r_2,340
Igf1r_3,660
Ikbke_1,868
Ikbke_2,480
Ikbke_3,164
Ikbkg_1,368
Ikbkg_2,576
Ikbkg_3,304
Il10_1,312
Il10_2,692
Il10_3,472
Il17a_1,624
Il17a_2,596
Il17a_3,564
Ing1_1,284
Ing1_2,360
Ing1_3,416
Ing2_1,740
Ing2_2,416
Ing2_3,372
Ing3_1,200
Ing3_2,336
Ing3_3,688
Ing4_1,336
Ing4_2,600
Ing4_3,352
Ing5_1,412
Ing5_2,468
Ing5_3,452
Ints12_1,348
Ints12_2,512
Ints12_3,684
Ipp_1,404
Ipp_2,744
Ipp_3,680
Irf2bp1_1,576
Irf2bp1_2,352
Irf2bp1_3,456
Irf2bpl_1,376
Irf2bpl_2,664
Irf2bpl_3,512
Irf8_1,376
Irf8_2,768
Irf8_3,484
Irs1_1,656
Irs1_2,500
Irs1_3,336
Isg15_1,636
Isg15_2,184
Isg15_3,268
Itch_1,596
Itch_2,192
Itch_3,416
Ivns1abp_1,340
Ivns1abp_2,196
Ivns1abp_3,820
Jade1_1,612
Jade1_2,216
Jade1_3,296
Jade2_1,424
Jade2_2,480
Jade2_3,500
Jun_1,400
Jun_2,444
Jun_3,852
Junb_1,284
Junb_2,708
Junb_3,540
Kat2b_1,568
Kat2b_2,464
Kat2b_3,164
Kat6a_1,252
Kat6a_2,680
Kat6a_3,612
Katnb1_1,252
Katnb1_2,580
Katnb1_3,408
Kbtbd12_1,456
Kbtbd12_2,552
Kbtbd12_3,436
Kbtbd13_1,548
Kbtbd13_2,536
Kbtbd13_3,472
Kbtbd2_1,184
Kbtbd2_2,408
Kbtbd2_3,728
Kbtbd3_1,400
Kbtbd3_2,180
Kbtbd3_3,536
Kbtbd4_1,452
Kbtbd4_2,816
Kbtbd4_3,784
Kbtbd6_1,236
Kbtbd6_2,520
Kbtbd6_3,380
Kbtbd7_1,1028
Kbtbd7_2,380
Kbtbd7_3,308
Kbtbd8_1,652
Kbtbd8_2,576
Kbtbd8_3,528
Kcmf1_1,492
Kcmf1_2,444
Kcmf1_3,680
Kctd10_1,340
Kctd10_2,280
Kctd10_3,548
Kctd11_1,272
Kctd11_2,344
Kctd11_3,460
Kctd13_1,320
Kctd13_2,440
Kctd13_3,192
Kctd17_1,544
Kctd17_2,316
Kctd17_3,476
Kctd2_1,428
Kctd2_2,640
Kctd2_3,700
Kctd21_1,392
Kctd21_2,400
Kctd21_3,496
Kctd3_1,432
Kctd3_2,356
Kctd3_3,428
Kctd5_1,608
Kctd5_2,468
Kctd5_3,508
Kctd6_1,408
Kctd6_2,788
Kctd6_3,596
Kctd9_1,308
Kctd9_2,656
Kctd9_3,184
Kdm2a_1,500
Kdm2a_2,436
Kdm2a_3,748
Kdm2b_1,424
Kdm2b_2,424
Kdm2b_3,664
Kdm4a_1,536
Kdm4a_2,540
Kdm4a_3,584
Kdm5a_1,500
Kdm5a_2,404
Kdm5a_3,424
Kdm5b_1,316
Kdm5b_2,408
Kdm5b_3,644
Kdm5c_1,612
Kdm5c_2,772
Kdm5c_3,876
Kdm5d_1,596
Kdm5d_2,488
Kdm5d_3,620
Kdm7a_1,532
Kdm7a_2,764
Kdm7a_3,364
Keap1_1,460
Keap1_2,576
Keap1_3,600
Kif21a_1,168
Kif21a_2,352
Kif21a_3,508
Kif21b_1,500
Kif21b_2,340
Kif21b_3,308
Klhl1_1,548
Klhl1_2,1072
Klhl1_3,440
Klhl10_1,268
Klhl10_2,500
Klhl10_3,684
Klhl11_1,388
Klhl11_2,472
Klhl11_3,356
Klhl12_1,812
Klhl12_2,572
Klhl12_3,504
Klhl13_1,360
Klhl13_2,628
Klhl13_3,544
Klhl14_1,300
Klhl14_2,624
Klhl14_3,300
Klhl15_1,348
Klhl15_2,436
Klhl15_3,376
Klhl17_1,488
Klhl17_2,820
Klhl17_3,520
Klhl18_1,376
Klhl18_2,584
Klhl18_3,492
Klhl2_1,208
Klhl2_2,484
Klhl2_3,572
Klhl20_1,532
Klhl20_2,388
Klhl20_3,452
Klhl21_1,364
Klhl21_2,500
Klhl21_3,272
Klhl22_1,464
Klhl22_2,640
Klhl22_3,652
Klhl23_1,464
Klhl23_2,428
Klhl23_3,628
Klhl24_1,496
Klhl24_2,360
Klhl24_3,588
Klhl25_1,612
Klhl25_2,640
Klhl25_3,1088
Klhl26_1,204
Klhl26_2,600
Klhl26_3,520
Klhl28_1,488
Klhl28_2,528
Klhl28_3,404
Klhl29_1,448
Klhl29_2,536
Klhl29_3,316
Klhl3_1,288
Klhl3_2,320
Klhl3_3,388
Klhl30_1,536
Klhl30_2,392
Klhl30_3,340
Klhl31_1,456
Klhl31_2,360
Klhl31_3,320
Klhl32_1,396
Klhl32_2,524
Klhl32_3,424
Klhl34_1,412
Klhl34_2,384
Klhl34_3,728
Klhl35_1,312
Klhl35_2,520
Klhl35_3,388
Klhl36_1,476
Klhl36_2,360
Klhl36_3,376
Klhl38_1,444
Klhl38_2,292
Klhl38_3,524
Klhl4_1,600
Klhl4_2,744
Klhl4_3,240
Klhl40_1,404
Klhl40_2,404
Klhl40_3,544
Klhl41_1,576
Klhl41_2,556
Klhl41_3,420
Klhl42_1,332
Klhl42_2,720
Klhl42_3,532
Klhl5_1,644
Klhl5_2,484
Klhl5_3,504
Klhl6_1,852
Klhl6_2,564
Klhl6_3,576
Klhl7_1,564
Klhl7_2,376
Klhl7_3,344
Klhl8_1,556
Klhl8_2,532
Klhl8_3,480
Klhl9_1,532
Klhl9_2,404
Klhl9_3,520
Kmt2a_1,612
Kmt2a_2,576
Kmt2a_3,620
Kmt2b_1,372
Kmt2b_2,552
Kmt2b_3,488
Kmt2c_1,296
Kmt2c_2,448
Kmt2c_3,284
Kmt2d_1,708
Kmt2d_2,536
Kmt2d_3,432
Ldb2_1,316
Ldb2_2,420
Ldb2_3,632
Ldlr_1,460
Ldlr_2,408
Ldlr_3,452
Lif_1,496
Lif_2,684
Lif_3,456
Lifr_1,464
Lifr_2,560
Lifr_3,372
Llgl1_1,428
Llgl1_2,516
Llgl1_3,524
Llgl2_1,464
Llgl2_2,620
Llgl2_3,440
Lnx1_1,236
Lnx1_2,596
Lnx1_3,404
LOC100861784_1,532
LOC100861784_2,624
LOC100861784_3,608
LOC101055995_1,548
LOC101055995_2,268
LOC101055995_3,548
LOC102637711_1,496
LOC102637711_2,492
LOC102637711_3,504
LOC108168312_1,480
LOC108168312_2,584
LOC108168312_3,372
Lonrf1_1,496
Lonrf1_2,500
Lonrf1_3,84
Lonrf2_1,480
Lonrf2_2,484
Lonrf2_3,772
Lonrf3_1,476
Lonrf3_2,532
Lonrf3_3,916
Lrba_1,312
Lrba_2,360
Lrba_3,360
Lrch2_1,464
Lrch2_2,628
Lrch2_3,284
Lrp8_1,512
Lrp8_2,608
Lrp8_3,580
Lrr1_1,516
Lrr1_2,880
Lrr1_3,568
Lrrc31_1,468
Lrrc31_2,172
Lrrc31_3,568
Lrrc41_1,496
Lrrc41_2,120
Lrrc41_3,300
Lrrc55_1,748
Lrrc55_2,552
Lrrc55_3,864
Lrrc57_1,448
Lrrc57_2,440
Lrrc57_3,416
Lrrk2_1,480
Lrrk2_2,348
Lrrk2_3,604
Lrsam1_1,612
Lrsam1_2,492
Lrsam1_3,700
Lrwd1_1,600
Lrwd1_2,488
Lrwd1_3,572
Ltbr_1,500
Ltbr_2,680
Ltbr_3,264
Ltn1_1,388
Ltn1_2,504
Ltn1_3,256
Lztr1_1,548
Lztr1_2,692
Lztr1_3,420
Maea_1,256
Maea_2,140
Maea_3,964
Map2k4_1,576
Map2k4_2,424
Map2k4_3,160
Map3k1_1,520
Map3k1_2,520
Map3k1_3,524
Map3k14_1,468
Map3k14_2,460
Map3k14_3,388
Map3k7_1,496
Map3k7_2,660
Map3k7_3,500
Mapk14_1,484
Mapk14_2,880
Mapk14_3,560
Mapk7_1,896
Mapk7_2,852
Mapk7_3,568
Mapk8_1,180
Mapk8_2,480
Mapk8_3,500
Mapkbp1_1,632
Mapkbp1_2,496
Mapkbp1_3,208
March10_1,400
March10_2,320
March10_3,352
March3_1,668
March3_2,636
March3_3,452
Mavs_1,628
Mavs_2,416
Mavs_3,428
Mdm2_1,560
Mdm2_2,700
Mdm2_3,620
Mdm4_1,632
Mdm4_2,340
Mdm4_3,384
Med8_1,472
Med8_2,792
Med8_3,272
Mei4_1,428
Mei4_2,432
Mei4_3,500
Mex3c_1,300
Mex3c_2,632
Mex3c_3,524
Mgrn1_1,224
Mgrn1_2,328
Mgrn1_3,724
Mib1_1,492
Mib1_2,344
Mib1_3,612
Mib2_1,400
Mib2_2,648
Mib2_3,716
Mid1_1,488
Mid1_2,624
Mid1_3,512
Mid2_1,196
Mid2_2,808
Mid2_3,436
Mios_1,500
Mios_2,468
Mios_3,348
Mkrn1_1,364
Mkrn1_2,576
Mkrn1_3,492
Mkrn2_1,472
Mkrn2_2,592
Mkrn2_3,740
Mkrn3_1,316
Mkrn3_2,184
Mkrn3_3,436
Mlst8_1,316
Mlst8_2,512
Mlst8_3,536
Mnat1_1,488
Mnat1_2,536
Mnat1_3,220
Msl2_1,268
Msl2_2,660
Msl2_3,208
Mst1r_1,336
Mst1r_2,448
Mst1r_3,360
Msx1_1,300
Msx1_2,376
Msx1_3,592
Mtf2_1,548
Mtf2_2,332
Mtf2_3,464
Mthfs_1,628
Mthfs_2,580
Mthfs_3,332
Mthfsl_1,580
Mthfsl_2,772
Mthfsl_3,368
Mtor_1,368
Mtor_2,704
Mtor_3,292
Mul1_1,440
Mul1_2,520
Mul1_3,576
Myc_1,412
Myc_2,496
Myc_3,544
Mycbp2_1,640
Mycbp2_2,552
Mycbp2_3,400
Myh10_1,532
Myh10_2,332
Myh10_3,624
Mylip_1,460
Mylip_2,436
Mylip_3,796
Mynn_1,528
Mynn_2,672
Mynn_3,760
Naca_1,376
Naca_2,520
Naca_3,336
Nacc1_1,500
Nacc1_2,388
Nacc1_3,780
Nacc2_1,620
Nacc2_2,368
Nacc2_3,740
Nanog_1,784
Nanog_2,472
Nanog_3,628
Nbeal1_1,436
Nbeal1_2,336
Nbeal1_3,552
Nbeal2_1,356
Nbeal2_2,644
Nbeal2_3,504
Ndfip1_1,576
Ndfip1_2,572
Ndfip1_3,516
Ndn_1,448
Ndn_2,656
Ndn_3,468
Nedd1_1,564
Nedd1_2,396
Nedd1_3,608
Nedd4_1,752
Nedd4_2,484
Nedd4_3,548
Nedd4l_1,492
Nedd4l_2,392
Nedd4l_3,108
Nedd8_1,356
Nedd8_2,652
Nedd8_3,472
Neurl1a_1,476
Neurl1a_2,536
Neurl1a_3,456
Neurl1b_1,132
Neurl1b_2,600
Neurl1b_3,476
Neurl2_1,496
Neurl2_2,408
Neurl2_3,460
Neurl3_1,508
Neurl3_2,520
Neurl3_3,296
Neurl4_1,452
Neurl4_2,900
Neurl4_3,228
Nf1_1,420
Nf1_2,564
Nf1_3,336
Nfatc1_1,612
Nfatc1_2,276
Nfatc1_3,332
Nfatc3_1,240
Nfatc3_2,748
Nfatc3_3,392
Nfkb1_1,604
Nfkb1_2,796
Nfkb1_3,540
Nfx1_1,312
Nfx1_2,456
Nfx1_3,556
Nhlrc1_1,500
Nhlrc1_2,404
Nhlrc1_3,316
Nle1_1,412
Nle1_2,396
Nle1_3,644
Nlrp3_1,284
Nlrp3_2,460
Nlrp3_3,456
NO_TARGET_1,568
NO_TARGET_10,640
NO_TARGET_100,752
NO_TARGET_101,480
NO_TARGET_102,488
NO_TARGET_103,672
NO_TARGET_104,320
NO_TARGET_105,524
NO_TARGET_106,816
NO_TARGET_107,1052
NO_TARGET_108,724
NO_TARGET_109,240
NO_TARGET_11,480
NO_TARGET_110,572
NO_TARGET_111,728
NO_TARGET_112,908
NO_TARGET_113,756
NO_TARGET_114,700
NO_TARGET_115,628
NO_TARGET_116,996
NO_TARGET_117,652
NO_TARGET_118,676
NO_TARGET_119,532
NO_TARGET_12,320
NO_TARGET_120,900
NO_TARGET_121,704
NO_TARGET_122,988
NO_TARGET_123,372
NO_TARGET_124,656
NO_TARGET_125,696
NO_TARGET_126,512
NO_TARGET_127,596
NO_TARGET_128,792
NO_TARGET_129,640
NO_TARGET_13,640
NO_TARGET_130,412
NO_TARGET_131,552
NO_TARGET_132,728
NO_TARGET_133,380
NO_TARGET_134,828
NO_TARGET_135,108
NO_TARGET_136,784
NO_TARGET_137,892
NO_TARGET_138,684
NO_TARGET_139,664
NO_TARGET_14,728
NO_TARGET_140,388
NO_TARGET_141,732
NO_TARGET_142,564
NO_TARGET_143,420
NO_TARGET_144,372
NO_TARGET_145,928
NO_TARGET_146,648
NO_TARGET_147,896
NO_TARGET_148,944
NO_TARGET_149,252
NO_TARGET_15,668
NO_TARGET_150,640
NO_TARGET_151,456
NO_TARGET_152,820
NO_TARGET_153,668
NO_TARGET_154,1208
NO_TARGET_155,824
NO_TARGET_156,644
NO_TARGET_157,660
NO_TARGET_158,364
NO_TARGET_159,972
NO_TARGET_16,632
NO_TARGET_160,476
NO_TARGET_161,952
NO_TARGET_162,920
NO_TARGET_163,1060
NO_TARGET_164,584
NO_TARGET_165,520
NO_TARGET_17,524
NO_TARGET_18,400
NO_TARGET_19,472
NO_TARGET_2,656
NO_TARGET_20,556
NO_TARGET_21,428
NO_TARGET_22,756
NO_TARGET_23,300
NO_TARGET_24,828
NO_TARGET_25,648
NO_TARGET_26,1044
NO_TARGET_27,448
NO_TARGET_28,796
NO_TARGET_29,356
NO_TARGET_3,644
NO_TARGET_30,380
NO_TARGET_31,764
NO_TARGET_32,644
NO_TARGET_33,608
NO_TARGET_34,748
NO_TARGET_35,936
NO_TARGET_36,592
NO_TARGET_37,488
NO_TARGET_38,536
NO_TARGET_39,884
NO_TARGET_4,572
NO_TARGET_40,652
NO_TARGET_41,668
NO_TARGET_42,552
NO_TARGET_43,364
NO_TARGET_44,180
NO_TARGET_45,632
NO_TARGET_46,664
NO_TARGET_47,536
NO_TARGET_48,436
NO_TARGET_49,712
NO_TARGET_5,644
NO_TARGET_50,544
NO_TARGET_51,592
NO_TARGET_52,660
NO_TARGET_53,636
NO_TARGET_54,680
NO_TARGET_55,668
NO_TARGET_56,212
NO_TARGET_57,588
NO_TARGET_58,508
NO_TARGET_59,720
NO_TARGET_6,692
NO_TARGET_60,404
NO_TARGET_61,440
NO_TARGET_62,624
NO_TARGET_63,632
NO_TARGET_64,304
NO_TARGET_65,632
NO_TARGET_66,604
NO_TARGET_67,360
NO_TARGET_68,720
NO_TARGET_69,880
NO_TARGET_7,580
NO_TARGET_70,912
NO_TARGET_71,500
NO_TARGET_72,764
NO_TARGET_73,832
NO_TARGET_74,960
NO_TARGET_75,648
NO_TARGET_76,652
NO_TARGET_77,900
NO_TARGET_78,548
NO_TARGET_79,832
NO_TARGET_8,756
NO_TARGET_80,384
NO_TARGET_81,656
NO_TARGET_82,560
NO_TARGET_83,1172
NO_TARGET_84,624
NO_TARGET_85,784
NO_TARGET_86,760
NO_TARGET_87,244
NO_TARGET_88,468
NO_TARGET_89,916
NO_TARGET_9,744
NO_TARGET_90,508
NO_TARGET_91,332
NO_TARGET_92,812
NO_TARGET_93,448
NO_TARGET_94,1268
NO_TARGET_95,908
NO_TARGET_96,732
NO_TARGET_97,596
NO_TARGET_98,688
NO_TARGET_99,512
Nol10_1,300
Nol10_2,384
Nol10_3,496
Nos2_1,548
Nos2_2,380
Nos2_3,572
Nosip_1,416
Nosip_2,520
Nosip_3,364
Notch1_1,240
Notch1_2,500
Notch1_3,236
Npm1_1,352
Npm1_2,624
Npm1_3,568
Nr1h3_1,416
Nr1h3_2,748
Nr1h3_3,280
Nr3c1_1,412
Nr3c1_2,596
Nr3c1_3,396
Nr4a1_1,480
Nr4a1_2,428
Nr4a1_3,460
Nrip1_1,568
Nrip1_2,580
Nrip1_3,424
Nsd1_1,484
Nsd1_2,528
Nsd1_3,552
Nsmaf_1,760
Nsmaf_2,436
Nsmaf_3,804
Nsmce1_1,492
Nsmce1_2,540
Nsmce1_3,352
Nsmce2_1,636
Nsmce2_2,468
Nsmce2_3,552
Ntrk1_1,472
Ntrk1_2,372
Ntrk1_3,732
Nup37_1,424
Nup37_2,628
Nup37_3,572
Nup43_1,492
Nup43_2,292
Nup43_3,560
Nup62_1,460
Nup62_2,404
Nup62_3,380
Nwd1_1,688
Nwd1_2,516
Nwd1_3,564
Ogt_1,456
Ogt_2,860
Ogt_3,360
Omd_1,300
Omd_2,588
Omd_3,332
ONE_NONGENE_SITE_166,812
ONE_NONGENE_SITE_167,620
ONE_NONGENE_SITE_168,720
ONE_NONGENE_SITE_169,856
ONE_NONGENE_SITE_170,176
ONE_NONGENE_SITE_171,480
ONE_NONGENE_SITE_172,1132
ONE_NONGENE_SITE_173,568
ONE_NONGENE_SITE_174,368
ONE_NONGENE_SITE_175,388
ONE_NONGENE_SITE_176,188
ONE_NONGENE_SITE_177,188
ONE_NONGENE_SITE_178,596
ONE_NONGENE_SITE_179,420
ONE_NONGENE_SITE_180,812
ONE_NONGENE_SITE_181,588
ONE_NONGENE_SITE_182,644
ONE_NONGENE_SITE_183,680
ONE_NONGENE_SITE_184,252
ONE_NONGENE_SITE_185,760
ONE_NONGENE_SITE_186,692
ONE_NONGENE_SITE_187,876
ONE_NONGENE_SITE_188,460
ONE_NONGENE_SITE_189,696
ONE_NONGENE_SITE_190,768
ONE_NONGENE_SITE_191,664
ONE_NONGENE_SITE_192,608
ONE_NONGENE_SITE_193,740
ONE_NONGENE_SITE_194,764
ONE_NONGENE_SITE_195,500
ONE_NONGENE_SITE_196,460
ONE_NONGENE_SITE_197,540
ONE_NONGENE_SITE_198,536
ONE_NONGENE_SITE_199,632
ONE_NONGENE_SITE_200,724
ONE_NONGENE_SITE_201,524
ONE_NONGENE_SITE_202,524
ONE_NONGENE_SITE_203,708
ONE_NONGENE_SITE_204,728
ONE_NONGENE_SITE_205,560
ONE_NONGENE_SITE_206,716
ONE_NONGENE_SITE_207,884
ONE_NONGENE_SITE_208,504
ONE_NONGENE_SITE_209,640
ONE_NONGENE_SITE_210,676
ONE_NONGENE_SITE_211,452
ONE_NONGENE_SITE_212,1168
ONE_NONGENE_SITE_213,516
ONE_NONGENE_SITE_214,340
ONE_NONGENE_SITE_215,760
ONE_NONGENE_SITE_216,376
ONE_NONGENE_SITE_217,428
ONE_NONGENE_SITE_218,532
ONE_NONGENE_SITE_219,360
ONE_NONGENE_SITE_220,712
ONE_NONGENE_SITE_221,620
ONE_NONGENE_SITE_222,720
ONE_NONGENE_SITE_223,464
ONE_NONGENE_SITE_224,680
ONE_NONGENE_SITE_225,476
ONE_NONGENE_SITE_226,584
ONE_NONGENE_SITE_227,876
ONE_NONGENE_SITE_228,328
ONE_NONGENE_SITE_229,668
ONE_NONGENE_SITE_230,252
ONE_NONGENE_SITE_231,680
ONE_NONGENE_SITE_232,688
ONE_NONGENE_SITE_233,748
ONE_NONGENE_SITE_234,664
ONE_NONGENE_SITE_235,676
ONE_NONGENE_SITE_236,560
ONE_NONGENE_SITE_237,612
ONE_NONGENE_SITE_238,428
ONE_NONGENE_SITE_239,556
ONE_NONGENE_SITE_240,416
ONE_NONGENE_SITE_241,516
ONE_NONGENE_SITE_242,696
ONE_NONGENE_SITE_243,664
ONE_NONGENE_SITE_244,580
ONE_NONGENE_SITE_245,348
ONE_NONGENE_SITE_246,736
ONE_NONGENE_SITE_247,420
ONE_NONGENE_SITE_248,428
ONE_NONGENE_SITE_249,688
ONE_NONGENE_SITE_250,404
ONE_NONGENE_SITE_251,492
ONE_NONGENE_SITE_252,400
ONE_NONGENE_SITE_253,508
ONE_NONGENE_SITE_254,340
ONE_NONGENE_SITE_255,672
ONE_NONGENE_SITE_256,616
ONE_NONGENE_SITE_257,504
ONE_NONGENE_SITE_258,816
ONE_NONGENE_SITE_259,648
ONE_NONGENE_SITE_260,608
ONE_NONGENE_SITE_261,844
ONE_NONGENE_SITE_262,648
ONE_NONGENE_SITE_263,292
ONE_NONGENE_SITE_264,716
ONE_NONGENE_SITE_265,436
ONE_NONGENE_SITE_266,672
ONE_NONGENE_SITE_267,540
ONE_NONGENE_SITE_268,348
ONE_NONGENE_SITE_269,700
ONE_NONGENE_SITE_270,636
ONE_NONGENE_SITE_271,680
ONE_NONGENE_SITE_272,652
ONE_NONGENE_SITE_273,644
ONE_NONGENE_SITE_274,488
ONE_NONGENE_SITE_275,612
ONE_NONGENE_SITE_276,568
ONE_NONGENE_SITE_277,400
ONE_NONGENE_SITE_278,348
ONE_NONGENE_SITE_279,164
ONE_NONGENE_SITE_280,816
ONE_NONGENE_SITE_281,992
ONE_NONGENE_SITE_282,748
ONE_NONGENE_SITE_283,496
ONE_NONGENE_SITE_284,500
ONE_NONGENE_SITE_285,540
ONE_NONGENE_SITE_286,268
ONE_NONGENE_SITE_287,708
ONE_NONGENE_SITE_288,592
ONE_NONGENE_SITE_289,528
ONE_NONGENE_SITE_290,636
ONE_NONGENE_SITE_291,500
ONE_NONGENE_SITE_292,780
ONE_NONGENE_SITE_293,524
ONE_NONGENE_SITE_294,672
ONE_NONGENE_SITE_295,452
ONE_NONGENE_SITE_296,596
ONE_NONGENE_SITE_297,808
ONE_NONGENE_SITE_298,564
ONE_NONGENE_SITE_299,792
ONE_NONGENE_SITE_300,232
ONE_NONGENE_SITE_301,924
ONE_NONGENE_SITE_302,576
ONE_NONGENE_SITE_303,592
ONE_NONGENE_SITE_304,612
ONE_NONGENE_SITE_305,804
ONE_NONGENE_SITE_306,588
ONE_NONGENE_SITE_307,796
ONE_NONGENE_SITE_308,688
ONE_NONGENE_SITE_309,496
ONE_NONGENE_SITE_310,528
ONE_NONGENE_SITE_311,232
ONE_NONGENE_SITE_312,608
ONE_NONGENE_SITE_313,1212
ONE_NONGENE_SITE_314,784
ONE_NONGENE_SITE_315,596
ONE_NONGENE_SITE_316,644
ONE_NONGENE_SITE_317,624
ONE_NONGENE_SITE_318,700
ONE_NONGENE_SITE_319,416
ONE_NONGENE_SITE_320,656
ONE_NONGENE_SITE_321,696
ONE_NONGENE_SITE_322,572
ONE_NONGENE_SITE_323,916
ONE_NONGENE_SITE_324,492
ONE_NONGENE_SITE_325,1008
ONE_NONGENE_SITE_326,624
ONE_NONGENE_SITE_327,836
ONE_NONGENE_SITE_328,792
ONE_NONGENE_SITE_329,336
Ostm1_1,420
Ostm1_2,352
Ostm1_3,276
Pa2g4_1,240
Pa2g4_2,308
Pa2g4_3,592
Paf1_1,512
Paf1_2,172
Paf1_3,356
Pafah1b1_1,524
Pafah1b1_2,260
Pafah1b1_3,352
Pak1ip1_1,648
Pak1ip1_2,636
Pak1ip1_3,740
Pam_1,496
Pam_2,476
Pam_3,384
Park2_1,568
Park2_2,560
Park2_3,688
Parp9_1,124
Parp9_2,628
Parp9_3,304
Patz1_1,600
Patz1_2,360
Patz1_3,256
Pax6_1,332
Pax6_2,580
Pax6_3,180
Pcgf2_1,316
Pcgf2_2,880
Pcgf2_3,644
Pcgf3_1,472
Pcgf3_2,508
Pcgf3_3,448
Pcgf5_1,768
Pcgf5_2,632
Pcgf5_3,368
Pcif1_1,400
Pcif1_2,712
Pcif1_3,288
Pdcd6ip_1,640
Pdcd6ip_2,524
Pdcd6ip_3,544
Pdlim2_1,540
Pdlim2_2,576
Pdlim2_3,464
Pdzrn3_1,332
Pdzrn3_2,584
Pdzrn3_3,224
Pdzrn4_1,316
Pdzrn4_2,580
Pdzrn4_3,288
Peli1_1,568
Peli1_2,432
Peli1_3,552
Peli2_1,588
Peli2_2,316
Peli2_3,408
Peli3_1,428
Peli3_2,644
Peli3_3,424
Pet2_1,420
Pet2_2,708
Pet2_3,528
Pex10_1,400
Pex10_2,648
Pex10_3,300
Pex12_1,668
Pex12_2,472
Pex12_3,348
Pex2_1,544
Pex2_2,604
Pex2_3,396
Pex7_1,408
Pex7_2,560
Pex7_3,460
Pgr_1,580
Pgr_2,464
Pgr_3,56
Phf1_1,584
Phf1_2,440
Phf1_3,760
Phf10_1,612
Phf10_2,620
Phf10_3,672
Phf14_1,384
Phf14_2,536
Phf14_3,540
Phf2_1,408
Phf2_2,868
Phf2_3,704
Phf21a_1,472
Phf21a_2,312
Phf21a_3,324
Phf7_1,596
Phf7_2,344
Phf7_3,392
Phf8_1,316
Phf8_2,396
Phf8_3,648
Phip_1,532
Phip_2,544
Phip_3,508
Phrf1_1,312
Phrf1_2,800
Phrf1_3,472
Pias1_1,496
Pias1_2,608
Pias1_3,328
Pias2_1,576
Pias2_2,592
Pias2_3,592
Pias3_1,368
Pias3_2,468
Pias3_3,728
Pias4_1,600
Pias4_2,308
Pias4_3,712
Pik3r4_1,516
Pik3r4_2,424
Pik3r4_3,816
Pink1_1,700
Pink1_2,516
Pink1_3,824
Pja1_1,548
Pja1_2,584
Pja1_3,532
Pja2_1,476
Pja2_2,756
Pja2_3,232
Plaa_1,480
Plaa_2,152
Plaa_3,588
Plk1_1,496
Plk1_2,492
Plk1_3,500
Plrg1_1,68
Plrg1_2,512
Plrg1_3,388
Pml_1,324
Pml_2,540
Pml_3,428
Poc1a_1,368
Poc1a_2,436
Poc1a_3,452
Poc1b_1,672
Poc1b_2,656
Poc1b_3,420
Pou5f1_1,440
Pou5f1_2,316
Pou5f1_3,116
Ppara_1,424
Ppara_2,748
Ppara_3,736
Pparg_1,536
Pparg_2,540
Pparg_3,472
Ppil2_1,608
Ppil2_2,568
Ppil2_3,560
Ppp1r11_1,376
Ppp1r11_2,464
Ppp1r11_3,700
Ppp2r2a_1,248
Ppp2r2a_2,564
Ppp2r2a_3,624
Ppp2r2b_1,492
Ppp2r2b_2,772
Ppp2r2b_3,888
Ppp2r2c_1,532
Ppp2r2c_2,340
Ppp2r2c_3,568
Ppp2r2d_1,316
Ppp2r2d_2,780
Ppp2r2d_3,232
Ppwd1_1,604
Ppwd1_2,396
Ppwd1_3,376
Prc1_1,656
Prc1_2,444
Prc1_3,352
Prdm1_1,188
Prdm1_2,340
Prdm1_3,876
Preb_1,224
Preb_2,432
Preb_3,356
Prpf19_1,448
Prpf19_2,576
Prpf19_3,408
Prpf4_1,524
Prpf4_2,188
Prpf4_3,432
Pten_1,424
Pten_2,392
Pten_3,692
Ptk2_1,448
Ptk2_2,492
Ptk2_3,324
Ptpn1_1,120
Ptpn1_2,656
Ptpn1_3,472
Ptpn11_1,508
Ptpn11_2,580
Ptpn11_3,380
Pwp1_1,436
Pwp1_2,376
Pwp1_3,696
Pwp2_1,428
Pwp2_2,448
Pwp2_3,532
Rab1b_1,532
Rab1b_2,588
Rab1b_3,304
Rab40b_1,552
Rab40b_2,324
Rab40b_3,656
Rab40c_1,460
Rab40c_2,408
Rab40c_3,484
Rack1_1,468
Rack1_2,472
Rack1_3,424
Rad18_1,580
Rad18_2,324
Rad18_3,392
Rae1_1,296
Rae1_2,908
Rae1_3,228
Raf1_1,476
Raf1_2,468
Raf1_3,880
Rag1_1,740
Rag1_2,864
Rag1_3,396
Ranbp2_1,460
Ranbp2_2,272
Ranbp2_3,420
Rapsn_1,624
Rapsn_2,480
Rapsn_3,156
Rasd2_1,444
Rasd2_2,488
Rasd2_3,544
Rbbp4_1,356
Rbbp4_2,652
Rbbp4_3,656
Rbbp5_1,480
Rbbp5_2,292
Rbbp5_3,684
Rbbp6_1,428
Rbbp6_2,344
Rbbp6_3,476
Rbbp7_1,612
Rbbp7_2,764
Rbbp7_3,556
Rbck1_1,536
Rbck1_2,448
Rbck1_3,492
Rbp2_1,604
Rbp2_2,436
Rbp2_3,228
Rbx1_1,576
Rbx1_2,544
Rbx1_3,672
Rc3h1_1,520
Rc3h1_2,272
Rc3h1_3,204
Rc3h2_1,492
Rc3h2_2,276
Rc3h2_3,200
Rcbtb1_1,680
Rcbtb1_2,472
Rcbtb1_3,96
Rcbtb2_1,532
Rcbtb2_2,440
Rcbtb2_3,320
Rchy1_1,480
Rchy1_2,320
Rchy1_3,812
Rela_1,368
Rela_2,296
Rela_3,200
Ret_1,408
Ret_2,724
Ret_3,192
Rffl_1,768
Rffl_2,644
Rffl_3,672
Rfpl4_1,256
Rfpl4_2,516
Rfpl4_3,372
Rfpl4b_1,764
Rfpl4b_2,616
Rfpl4b_3,508
Rfwd2_1,588
Rfwd2_2,372
Rfwd2_3,320
Rfwd3_1,212
Rfwd3_2,620
Rfwd3_3,408
Rheb_1,648
Rheb_2,400
Rheb_3,452
Rho_1,504
Rho_2,352
Rho_3,440
Rhobtb1_1,692
Rhobtb1_2,572
Rhobtb1_3,404
Rhobtb2_1,500
Rhobtb2_2,520
Rhobtb2_3,640
Rhobtb3_1,780
Rhobtb3_2,940
Rhobtb3_3,480
Rictor_1,536
Rictor_2,524
Rictor_3,232
Rims1_1,464
Rims1_2,212
Rims1_3,424
Ring1_1,148
Ring1_2,712
Ring1_3,224
Rlim_1,568
Rlim_2,276
Rlim_3,556
Rmnd5a_1,496
Rmnd5a_2,608
Rmnd5a_3,456
Rnf10_1,788
Rnf10_2,348
Rnf10_3,456
Rnf103_1,336
Rnf103_2,732
Rnf103_3,268
Rnf11_1,548
Rnf11_2,408
Rnf11_3,848
Rnf111_1,128
Rnf111_2,608
Rnf111_3,296
Rnf112_1,724
Rnf112_2,504
Rnf112_3,532
Rnf113a1_1,336
Rnf113a1_2,500
Rnf113a1_3,620
Rnf113a2_1,576
Rnf113a2_2,464
Rnf113a2_3,428
Rnf114_1,572
Rnf114_2,452
Rnf114_3,420
Rnf115_1,428
Rnf115_2,676
Rnf115_3,472
Rnf121_1,344
Rnf121_2,808
Rnf121_3,544
Rnf122_1,576
Rnf122_2,340
Rnf122_3,572
Rnf123_1,464
Rnf123_2,368
Rnf123_3,544
Rnf125_1,580
Rnf125_2,464
Rnf125_3,360
Rnf126_1,524
Rnf126_2,516
Rnf126_3,804
Rnf128_1,416
Rnf128_2,588
Rnf128_3,676
Rnf13_1,524
Rnf13_2,200
Rnf13_3,360
Rnf130_1,568
Rnf130_2,748
Rnf130_3,264
Rnf133_1,584
Rnf133_2,364
Rnf133_3,736
Rnf135_1,280
Rnf135_2,780
Rnf135_3,432
Rnf138_1,896
Rnf138_2,420
Rnf138_3,264
Rnf138rt1_1,528
Rnf138rt1_2,368
Rnf138rt1_3,728
Rnf139_1,308
Rnf139_2,536
Rnf139_3,636
Rnf14_1,464
Rnf14_2,228
Rnf14_3,388
Rnf141_1,400
Rnf141_2,380
Rnf141_3,592
Rnf144a_1,640
Rnf144a_2,452
Rnf144a_3,328
Rnf144b_1,604
Rnf144b_2,336
Rnf144b_3,564
Rnf145_1,488
Rnf145_2,292
Rnf145_3,500
Rnf146_1,732
Rnf146_2,300
Rnf146_3,128
Rnf148_1,704
Rnf148_2,340
Rnf148_3,696
Rnf149_1,556
Rnf149_2,480
Rnf149_3,644
Rnf150_1,248
Rnf150_2,576
Rnf150_3,520
Rnf151_1,492
Rnf151_2,720
Rnf151_3,444
Rnf152_1,220
Rnf152_2,256
Rnf152_3,336
Rnf157_1,612
Rnf157_2,404
Rnf157_3,388
Rnf165_1,768
Rnf165_2,356
Rnf165_3,324
Rnf166_1,572
Rnf166_2,552
Rnf166_3,636
Rnf167_1,532
Rnf167_2,516
Rnf167_3,756
Rnf168_1,536
Rnf168_2,648
Rnf168_3,396
Rnf169_1,464
Rnf169_2,268
Rnf169_3,528
Rnf170_1,536
Rnf170_2,576
Rnf170_3,384
Rnf180_1,596
Rnf180_2,280
Rnf180_3,484
Rnf181_1,328
Rnf181_2,568
Rnf181_3,400
Rnf182_1,500
Rnf182_2,480
Rnf182_3,512
Rnf183_1,584
Rnf183_2,412
Rnf183_3,500
Rnf185_1,428
Rnf185_2,404
Rnf185_3,324
Rnf186_1,668
Rnf186_2,400
Rnf186_3,376
Rnf187_1,436
Rnf187_2,424
Rnf187_3,420
Rnf19a_1,628
Rnf19a_2,592
Rnf19a_3,452
Rnf19b_1,496
Rnf19b_2,404
Rnf19b_3,772
Rnf2_1,508
Rnf2_2,320
Rnf2_3,760
Rnf20_1,524
Rnf20_2,464
Rnf20_3,460
Rnf207_1,508
Rnf207_2,352
Rnf207_3,776
Rnf208_1,616
Rnf208_2,776
Rnf208_3,388
Rnf212_1,524
Rnf212_2,180
Rnf212_3,780
Rnf213_1,532
Rnf213_2,272
Rnf213_3,476
Rnf215_1,668
Rnf215_2,584
Rnf215_3,616
Rnf216_1,672
Rnf216_2,248
Rnf216_3,752
Rnf217_1,420
Rnf217_2,464
Rnf217_3,660
Rnf220_1,496
Rnf220_2,428
Rnf220_3,356
Rnf222_1,320
Rnf222_2,544
Rnf222_3,504
Rnf223_1,588
Rnf223_2,612
Rnf223_3,488
Rnf225_1,508
Rnf225_2,692
Rnf225_3,284
Rnf24_1,432
Rnf24_2,408
Rnf24_3,644
Rnf25_1,420
Rnf25_2,688
Rnf25_3,556
Rnf26_1,916
Rnf26_2,328
Rnf26_3,464
Rnf31_1,940
Rnf31_2,416
Rnf31_3,380
Rnf32_1,440
Rnf32_2,436
Rnf32_3,372
Rnf34_1,424
Rnf34_2,248
Rnf34_3,660
Rnf38_1,660
Rnf38_2,524
Rnf38_3,532
Rnf39_1,596
Rnf39_2,484
Rnf39_3,196
Rnf4_1,704
Rnf4_2,376
Rnf4_3,172
Rnf40_1,456
Rnf40_2,544
Rnf40_3,316
Rnf41_1,600
Rnf41_2,452
Rnf41_3,408
Rnf43_1,756
Rnf43_2,520
Rnf43_3,508
Rnf44_1,936
Rnf44_2,484
Rnf44_3,528
Rnf5_1,620
Rnf5_2,624
Rnf5_3,692
Rnf6_1,368
Rnf6_2,492
Rnf6_3,384
Rnf7_1,568
Rnf7_2,544
Rnf7_3,640
Rnf8_1,460
Rnf8_2,480
Rnf8_3,376
Rnf8-cmtr1_1,640
Rnf8-cmtr1_2,552
Rnf8-cmtr1_3,456
Rnft1_1,172
Rnft1_2,536
Rnft1_3,468
Rnft2_1,404
Rnft2_2,204
Rnft2_3,476
Rptor_1,444
Rptor_2,540
Rptor_3,348
Rrp9_1,768
Rrp9_2,488
Rrp9_3,364
Rspry1_1,596
Rspry1_2,480
Rspry1_3,456
Rwdd3_1,588
Rwdd3_2,280
Rwdd3_3,352
Rybp_1,488
Rybp_2,456
Rybp_3,268
Sag_1,344
Sag_2,488
Sag_3,440
Sart1_1,400
Sart1_2,420
Sart1_3,532
Scap_1,548
Scap_2,416
Scap_3,612
Scnn1a_1,996
Scnn1a_2,692
Scnn1a_3,768
Sdc1_1,752
Sdc1_2,524
Sdc1_3,656
Sec13_1,344
Sec13_2,196
Sec13_3,608
Sec31a_1,372
Sec31a_2,436
Sec31a_3,476
Sec31b_1,328
Sec31b_2,440
Sec31b_3,648
Seh1l_1,252
Seh1l_2,684
Seh1l_3,580
Sept4_1,572
Sept4_2,296
Sept4_3,536
Sh3gl2_1,476
Sh3gl2_2,532
Sh3gl2_3,240
Sh3rf1_1,188
Sh3rf1_2,364
Sh3rf1_3,136
Sh3rf2_1,416
Sh3rf2_2,456
Sh3rf2_3,356
Sh3rf3_1,140
Sh3rf3_2,412
Sh3rf3_3,360
Shkbp1_1,484
Shkbp1_2,824
Shkbp1_3,552
Shprh_1,444
Shprh_2,524
Shprh_3,668
Siah1-ps1_1,576
Siah1-ps1_2,476
Siah1-ps1_3,424
Siah1-ps2_1,548
Siah1-ps2_2,368
Siah1-ps2_3,472
Siah1a_1,444
Siah1a_2,500
Siah1a_3,368
Siah1b_1,596
Siah1b_2,224
Siah1b_3,300
Siah2_1,532
Siah2_2,856
Siah2_3,516
Siah3_1,408
Siah3_2,312
Siah3_3,460
Skp1a_1,252
Skp1a_2,744
Skp1a_3,352
Skp2_1,356
Skp2_2,548
Skp2_3,208
Slitrk5_1,212
Slitrk5_2,684
Slitrk5_3,244
Smad1_1,564
Smad1_2,792
Smad1_3,296
Smad2_1,272
Smad2_2,484
Smad2_3,640
Smad3_1,572
Smad3_2,524
Smad3_3,584
Smad7_1,576
Smad7_2,368
Smad7_3,320
Smu1_1,548
Smu1_2,424
Smu1_3,488
Smurf1_1,384
Smurf1_2,552
Smurf1_3,740
Smurf2_1,584
Smurf2_2,540
Smurf2_3,400
Smyd1_1,536
Smyd1_2,252
Smyd1_3,160
Snai1_1,456
Snai1_2,520
Snai1_3,224
Snca_1,680
Snca_2,432
Snca_3,208
Snrnp40_1,464
Snrnp40_2,596
Snrnp40_3,736
Socs1_1,636
Socs1_2,300
Socs1_3,468
Socs2_1,708
Socs2_2,420
Socs2_3,420
Socs3_1,584
Socs3_2,716
Socs3_3,148
Socs4_1,568
Socs4_2,420
Socs4_3,500
Socs5_1,520
Socs5_2,296
Socs5_3,660
Socs6_1,700
Socs6_2,456
Socs6_3,128
Socs7_1,788
Socs7_2,580
Socs7_3,280
Spag16_1,508
Spag16_2,492
Spag16_3,536
Spop_1,808
Spop_2,388
Spop_3,300
Spopl_1,504
Spopl_2,420
Spopl_3,200
Spsb1_1,612
Spsb1_2,664
Spsb1_3,292
Spsb2_1,460
Spsb2_2,324
Spsb2_3,400
Spsb4_1,428
Spsb4_2,416
Spsb4_3,152
Sqstm1_1,604
Sqstm1_2,776
Sqstm1_3,472
Src_1,496
Src_2,312
Src_3,484
Ssr3_1,620
Ssr3_2,492
Ssr3_3,388
Stap2_1,432
Stap2_2,612
Stap2_3,380
Stat1_1,728
Stat1_2,600
Stat1_3,376
Stat3_1,452
Stat3_2,700
Stat3_3,512
Stc1_1,440
Stc1_2,732
Stc1_3,632
Strap_1,592
Strap_2,676
Strap_3,140
Strn_1,608
Strn_2,452
Strn_3,496
Strn3_1,336
Strn3_2,560
Strn3_3,488
Strn4_1,840
Strn4_2,240
Strn4_3,416
Stub1_1,288
Stub1_2,404
Stub1_3,592
Stxbp5_1,344
Stxbp5_2,624
Stxbp5_3,432
Stxbp5l_1,468
Stxbp5l_2,476
Stxbp5l_3,456
Sumo1_1,468
Sumo1_2,408
Sumo1_3,348
Syk_1,1020
Syk_2,596
Syk_3,404
Syvn1_1,532
Syvn1_2,568
Syvn1_3,436
Tab1_1,696
Tab1_2,380
Tab1_3,424
Taf3_1,356
Taf3_2,540
Taf3_3,268
Taf5_1,404
Taf5_2,188
Taf5_3,824
Taf5l_1,276
Taf5l_2,644
Taf5l_3,384
Tank_1,468
Tank_2,800
Tank_3,388
Tbc1d31_1,444
Tbc1d31_2,344
Tbc1d31_3,412
Tbk1_1,812
Tbk1_2,492
Tbk1_3,720
Tbl1x_1,412
Tbl1x_2,504
Tbl1x_3,416
Tbl1xr1_1,644
Tbl1xr1_2,228
Tbl1xr1_3,880
Tbl2_1,452
Tbl2_2,564
Tbl2_3,436
Tbl3_1,696
Tbl3_2,484
Tbl3_3,604
Tceb1_1,176
Tceb1_2,360
Tceb1_3,480
Tceb2_1,452
Tceb2_2,600
Tceb2_3,944
Tceb3_1,588
Tceb3_2,696
Tceb3_3,616
Tdpoz1_1,444
Tdpoz1_2,444
Tdpoz1_3,320
Tdpoz2_1,436
Tdpoz2_2,608
Tdpoz2_3,496
Tdpoz3_1,212
Tdpoz3_2,524
Tdpoz3_3,640
Tdpoz4_1,624
Tdpoz4_2,632
Tdpoz4_3,324
Tdpoz5_1,940
Tdpoz5_2,584
Tdpoz5_3,372
Tep1_1,724
Tep1_2,564
Tep1_3,528
Thoc3_1,516
Thoc3_2,460
Thoc3_3,660
Thoc6_1,276
Thoc6_2,612
Thoc6_3,296
Tle1_1,408
Tle1_2,464
Tle1_3,376
Tle2_1,656
Tle2_2,532
Tle2_3,524
Tle3_1,572
Tle3_2,392
Tle3_3,216
Tle4_1,400
Tle4_2,448
Tle4_3,400
Tle6_1,832
Tle6_2,404
Tle6_3,336
Tlr2_1,780
Tlr2_2,536
Tlr2_3,492
Tlr4_1,732
Tlr4_2,856
Tlr4_3,316
Tmem129_1,496
Tmem129_2,412
Tmem129_3,756
Tmem173_1,728
Tmem173_2,612
Tmem173_3,348
Tmem183a_1,568
Tmem183a_2,772
Tmem183a_3,640
Tmf1_1,552
Tmf1_2,428
Tmf1_3,400
Tnf_1,568
Tnf_2,308
Tnf_3,548
Tnfaip1_1,752
Tnfaip1_2,280
Tnfaip1_3,324
Tnfsf11_1,552
Tnfsf11_2,544
Tnfsf11_3,420
Topors_1,676
Topors_2,420
Topors_3,680
Tradd_1,424
Tradd_2,368
Tradd_3,528
Traf2_1,596
Traf2_2,532
Traf2_3,444
Traf3_1,532
Traf3_2,480
Traf3_3,448
Traf3ip2_1,536
Traf3ip2_2,592
Traf3ip2_3,300
Traf4_1,352
Traf4_2,484
Traf4_3,504
Traf5_1,620
Traf5_2,636
Traf5_3,328
Traf6_1,516
Traf6_2,496
Traf6_3,448
Traf7_1,488
Traf7_2,592
Traf7_3,600
Traip_1,396
Traip_2,772
Traip_3,684
Trib3_1,484
Trib3_2,244
Trib3_3,812
Trim10_1,684
Trim10_2,364
Trim10_3,364
Trim11_1,528
Trim11_2,560
Trim11_3,436
Trim12a_1,408
Trim12a_2,340
Trim12a_3,836
Trim12c_1,904
Trim12c_2,708
Trim12c_3,332
Trim13_1,296
Trim13_2,384
Trim13_3,620
Trim15_1,768
Trim15_2,264
Trim15_3,684
Trim16_1,548
Trim16_2,308
Trim16_3,424
Trim17_1,344
Trim17_2,196
Trim17_3,596
Trim2_1,376
Trim2_2,504
Trim2_3,328
Trim21_1,604
Trim21_2,532
Trim21_3,504
Trim23_1,432
Trim23_2,664
Trim23_3,532
Trim24_1,824
Trim24_2,520
Trim24_3,224
Trim25_1,464
Trim25_2,388
Trim25_3,352
Trim26_1,428
Trim26_2,464
Trim26_3,564
Trim27_1,368
Trim27_2,660
Trim27_3,680
Trim28_1,660
Trim28_2,704
Trim28_3,468
Trim3_1,588
Trim3_2,444
Trim3_3,504
Trim30a_1,592
Trim30a_2,588
Trim30a_3,576
Trim30b_1,392
Trim30b_2,496
Trim30b_3,248
Trim30c_1,440
Trim30c_2,256
Trim30c_3,568
Trim30d_1,344
Trim30d_2,464
Trim30d_3,660
Trim31_1,748
Trim31_2,512
Trim31_3,576
Trim32_1,288
Trim32_2,444
Trim32_3,652
Trim33_1,408
Trim33_2,556
Trim33_3,640
Trim34b_1,400
Trim34b_2,440
Trim34b_3,428
Trim35_1,312
Trim35_2,668
Trim35_3,632
Trim36_1,656
Trim36_2,288
Trim36_3,308
Trim37_1,336
Trim37_2,332
Trim37_3,700
Trim38_1,652
Trim38_2,644
Trim38_3,596
Trim39_1,872
Trim39_2,388
Trim39_3,812
Trim40_1,716
Trim40_2,460
Trim40_3,200
Trim41_1,636
Trim41_2,620
Trim41_3,156
Trim43c_1,644
Trim43c_2,560
Trim43c_3,512
Trim45_1,592
Trim45_2,576
Trim45_3,728
Trim46_1,344
Trim46_2,640
Trim46_3,348
Trim47_1,272
Trim47_2,236
Trim47_3,280
Trim5_1,384
Trim5_2,364
Trim5_3,520
Trim50_1,300
Trim50_2,656
Trim50_3,500
Trim52_1,628
Trim52_2,420
Trim52_3,388
Trim54_1,480
Trim54_2,472
Trim54_3,600
Trim55_1,340
Trim55_2,392
Trim55_3,332
Trim56_1,396
Trim56_2,580
Trim56_3,564
Trim58_1,504
Trim58_2,444
Trim58_3,512
Trim59_1,660
Trim59_2,468
Trim59_3,568
Trim6_1,716
Trim6_2,680
Trim6_3,792
Trim60_1,404
Trim60_2,788
Trim60_3,624
Trim62_1,548
Trim62_2,444
Trim62_3,536
Trim63_1,540
Trim63_2,672
Trim63_3,384
Trim65_1,584
Trim65_2,272
Trim65_3,668
Trim67_1,776
Trim67_2,428
Trim67_3,480
Trim68_1,384
Trim68_2,340
Trim68_3,296
Trim69_1,408
Trim69_2,604
Trim69_3,224
Trim7_1,464
Trim7_2,464
Trim7_3,460
Trim71_1,412
Trim71_2,640
Trim71_3,716
Trim72_1,312
Trim72_2,284
Trim72_3,500
Trim75_1,288
Trim75_2,516
Trim75_3,448
Trim8_1,328
Trim8_2,332
Trim8_3,400
Trim80_1,372
Trim80_2,544
Trim80_3,388
Trim9_1,600
Trim9_2,448
Trim9_3,444
Triml1_1,312
Triml1_2,588
Triml1_3,672
Triml2_1,304
Triml2_2,268
Triml2_3,520
Trip12_1,428
Trip12_2,276
Trip12_3,424
Trp53_1,424
Trp53_2,664
Trp53_3,376
Trpc4ap_1,492
Trpc4ap_2,500
Trpc4ap_3,504
Tssc1_1,492
Tssc1_2,816
Tssc1_3,896
Ttc3_1,488
Ttc3_2,660
Ttc3_3,1016
Ttll3_1,644
Ttll3_2,856
Ttll3_3,616
Ttll8_1,476
Ttll8_2,456
Ttll8_3,516
Ubac1_1,544
Ubac1_2,412
Ubac1_3,576
Ube2c_1,752
Ube2c_2,584
Ube2c_3,532
Ube2cbp_1,372
Ube2cbp_2,528
Ube2cbp_3,332
Ube2d1_1,492
Ube2d1_2,740
Ube2d1_3,564
Ube2d2a_1,468
Ube2d2a_2,480
Ube2d2a_3,488
Ube2d3_1,576
Ube2d3_2,360
Ube2d3_3,516
Ube2e1_1,628
Ube2e1_2,580
Ube2e1_3,432
Ube2e3_1,468
Ube2e3_2,532
Ube2e3_3,844
Ube2f_1,500
Ube2f_2,764
Ube2f_3,624
Ube2h_1,368
Ube2h_2,636
Ube2h_3,460
Ube2i_1,124
Ube2i_2,576
Ube2i_3,644
Ube2j2_1,316
Ube2j2_2,588
Ube2j2_3,588
Ube2n_1,536
Ube2n_2,580
Ube2n_3,732
Ube2o_1,520
Ube2o_2,496
Ube2o_3,512
Ube3a_1,644
Ube3a_2,428
Ube3a_3,680
Ube3b_1,444
Ube3b_2,400
Ube3b_3,584
Ube3c_1,612
Ube3c_2,628
Ube3c_3,452
Ube4a_1,432
Ube4a_2,568
Ube4a_3,468
Ube4b_1,568
Ube4b_2,600
Ube4b_3,776
Ubox5_1,528
Ubox5_2,488
Ubox5_3,364
Ubr1_1,704
Ubr1_2,112
Ubr1_3,408
Ubr2_1,464
Ubr2_2,244
Ubr2_3,448
Ubr3_1,548
Ubr3_2,580
Ubr3_3,572
Ubr4_1,568
Ubr4_2,664
Ubr4_3,552
Ubr5_1,464
Ubr5_2,272
Ubr5_3,244
Ubr7_1,352
Ubr7_2,508
Ubr7_3,436
Ufl1_1,584
Ufl1_2,448
Ufl1_3,212
Ufm1_1,368
Ufm1_2,456
Ufm1_3,480
Uhrf1_1,276
Uhrf1_2,544
Uhrf1_3,332
Uhrf2_1,712
Uhrf2_2,472
Uhrf2_3,792
Unkl_1,408
Unkl_2,576
Unkl_3,468
Upf1_1,252
Upf1_2,552
Upf1_3,428
Usp15_1,300
Usp15_2,836
Usp15_3,176
Usp28_1,868
Usp28_2,396
Usp28_3,504
Utp15_1,396
Utp15_2,544
Utp15_3,688
Utp18_1,452
Utp18_2,480
Utp18_3,684
Vdr_1,556
Vdr_2,584
Vdr_3,456
Vhl_1,380
Vhl_2,720
Vhl_3,708
Vldlr_1,460
Vldlr_2,328
Vldlr_3,496
Vprbp_1,612
Vprbp_2,456
Vprbp_3,544
Vps18_1,344
Vps18_2,304
Vps18_3,376
Vps41_1,364
Vps41_2,960
Vps41_3,400
Wdfy1_1,592
Wdfy1_2,684
Wdfy1_3,332
Wdfy2_1,480
Wdfy2_2,760
Wdfy2_3,616
Wdfy3_1,416
Wdfy3_2,452
Wdfy3_3,584
Wdfy4_1,536
Wdfy4_2,484
Wdfy4_3,140
Wdhd1_1,488
Wdhd1_2,772
Wdhd1_3,332
Wdr1_1,492
Wdr1_2,624
Wdr1_3,924
Wdr11_1,496
Wdr11_2,744
Wdr11_3,524
Wdr12_1,448
Wdr12_2,388
Wdr12_3,740
Wdr13_1,696
Wdr13_2,596
Wdr13_3,536
Wdr17_1,820
Wdr17_2,640
Wdr17_3,836
Wdr18_1,716
Wdr18_2,576
Wdr18_3,360
Wdr20_1,500
Wdr20_2,476
Wdr20_3,516
Wdr20rt_1,568
Wdr20rt_2,460
Wdr20rt_3,348
Wdr24_1,576
Wdr24_2,716
Wdr24_3,764
Wdr25_1,332
Wdr25_2,472
Wdr25_3,508
Wdr26_1,404
Wdr26_2,376
Wdr26_3,380
Wdr27_1,176
Wdr27_2,484
Wdr27_3,520
Wdr3_1,564
Wdr3_2,500
Wdr3_3,584
Wdr31_1,636
Wdr31_2,564
Wdr31_3,520
Wdr33_1,340
Wdr33_2,984
Wdr33_3,552
Wdr34_1,676
Wdr34_2,340
Wdr34_3,396
Wdr36_1,688
Wdr36_2,388
Wdr36_3,684
Wdr37_1,592
Wdr37_2,472
Wdr37_3,704
Wdr38_1,564
Wdr38_2,500
Wdr38_3,424
Wdr41_1,452
Wdr41_2,536
Wdr41_3,476
Wdr43_1,800
Wdr43_2,508
Wdr43_3,556
Wdr44_1,148
Wdr44_2,504
Wdr44_3,496
Wdr45_1,468
Wdr45_2,464
Wdr45_3,572
Wdr45b_1,672
Wdr45b_2,208
Wdr45b_3,428
Wdr47_1,572
Wdr47_2,524
Wdr47_3,364
Wdr48_1,352
Wdr48_2,628
Wdr48_3,368
Wdr49_1,556
Wdr49_2,640
Wdr49_3,604
Wdr5_1,248
Wdr5_2,268
Wdr5_3,748
Wdr53_1,480
Wdr53_2,272
Wdr53_3,56
Wdr54_1,372
Wdr54_2,336
Wdr54_3,576
Wdr55_1,996
Wdr55_2,760
Wdr55_3,572
Wdr59_1,516
Wdr59_2,536
Wdr59_3,504
Wdr5b_1,152
Wdr5b_2,524
Wdr5b_3,100
Wdr6_1,552
Wdr6_2,576
Wdr6_3,540
Wdr60_1,604
Wdr60_2,576
Wdr60_3,444
Wdr61_1,252
Wdr61_2,660
Wdr61_3,496
Wdr62_1,496
Wdr62_2,332
Wdr62_3,552
Wdr63_1,508
Wdr63_2,440
Wdr63_3,124
Wdr64_1,500
Wdr64_2,376
Wdr64_3,228
Wdr66_1,504
Wdr66_2,392
Wdr66_3,332
Wdr7_1,620
Wdr7_2,636
Wdr7_3,336
Wdr70_1,548
Wdr70_2,432
Wdr70_3,548
Wdr72_1,608
Wdr72_2,296
Wdr72_3,608
Wdr73_1,516
Wdr73_2,468
Wdr73_3,512
Wdr74_1,528
Wdr74_2,844
Wdr74_3,592
Wdr75_1,188
Wdr75_2,384
Wdr75_3,636
Wdr76_1,376
Wdr76_2,492
Wdr76_3,224
Wdr77_1,712
Wdr77_2,464
Wdr77_3,532
Wdr78_1,432
Wdr78_2,500
Wdr78_3,648
Wdr81_1,900
Wdr81_2,860
Wdr81_3,484
Wdr82_1,592
Wdr82_2,536
Wdr82_3,952
Wdr83_1,676
Wdr83_2,752
Wdr83_3,244
Wdr86_1,384
Wdr86_2,428
Wdr86_3,580
Wdr89_1,728
Wdr89_2,192
Wdr89_3,756
Wdr90_1,372
Wdr90_2,592
Wdr90_3,520
Wdr91_1,648
Wdr91_2,364
Wdr91_3,452
Wdr92_1,548
Wdr92_2,412
Wdr92_3,460
Wdr95_1,748
Wdr95_2,764
Wdr95_3,664
Wdsub1_1,488
Wdsub1_2,372
Wdsub1_3,388
Wdtc1_1,440
Wdtc1_2,476
Wdtc1_3,516
Whsc1_1,760
Whsc1_2,836
Whsc1_3,200
Whsc1l1_1,572
Whsc1l1_2,552
Whsc1l1_3,576
Wipi2_1,168
Wipi2_2,868
Wipi2_3,876
Wrap53_1,420
Wrap53_2,540
Wrap53_3,368
Wrap73_1,756
Wrap73_2,580
Wrap73_3,484
Wsb1_1,536
Wsb1_2,404
Wsb1_3,572
Wsb2_1,508
Wsb2_2,488
Wsb2_3,372
Wwp1_1,784
Wwp1_2,504
Wwp1_3,412
Wwp2_1,376
Wwp2_2,300
Wwp2_3,424
Wwtr1_1,408
Wwtr1_2,320
Wwtr1_3,512
Xiap_1,492
Xiap_2,660
Xiap_3,260
Ybx1_1,548
Ybx1_2,488
Ybx1_3,420
Zbtb1_1,584
Zbtb1_2,720
Zbtb1_3,312
Zbtb10_1,440
Zbtb10_2,292
Zbtb10_3,572
Zbtb11_1,456
Zbtb11_2,384
Zbtb11_3,132
Zbtb14_1,420
Zbtb14_2,324
Zbtb14_3,1036
Zbtb16_1,56
Zbtb16_2,404
Zbtb16_3,560
Zbtb17_1,212
Zbtb17_2,492
Zbtb17_3,316
Zbtb18_1,764
Zbtb18_2,112
Zbtb18_3,260
Zbtb2_1,768
Zbtb2_2,572
Zbtb2_3,520
Zbtb20_1,412
Zbtb20_2,760
Zbtb20_3,140
Zbtb21_1,408
Zbtb21_2,584
Zbtb21_3,544
Zbtb22_1,236
Zbtb22_2,504
Zbtb22_3,632
Zbtb24_1,448
Zbtb24_2,420
Zbtb24_3,752
Zbtb25_1,488
Zbtb25_2,544
Zbtb25_3,184
Zbtb3_1,456
Zbtb3_2,448
Zbtb3_3,124
Zbtb33_1,400
Zbtb33_2,532
Zbtb33_3,388
Zbtb34_1,472
Zbtb34_2,520
Zbtb34_3,516
Zbtb37_1,416
Zbtb37_2,264
Zbtb37_3,508
Zbtb38_1,460
Zbtb38_2,580
Zbtb38_3,652
Zbtb39_1,364
Zbtb39_2,524
Zbtb39_3,444
Zbtb4_1,448
Zbtb4_2,152
Zbtb4_3,408
Zbtb40_1,600
Zbtb40_2,624
Zbtb40_3,340
Zbtb41_1,804
Zbtb41_2,732
Zbtb41_3,196
Zbtb42_1,508
Zbtb42_2,452
Zbtb42_3,536
Zbtb43_1,636
Zbtb43_2,160
Zbtb43_3,396
Zbtb44_1,632
Zbtb44_2,392
Zbtb44_3,232
Zbtb45_1,752
Zbtb45_2,620
Zbtb45_3,652
Zbtb46_1,404
Zbtb46_2,516
Zbtb46_3,428
Zbtb48_1,508
Zbtb48_2,592
Zbtb48_3,888
Zbtb49_1,520
Zbtb49_2,428
Zbtb49_3,536
Zbtb5_1,420
Zbtb5_2,900
Zbtb5_3,680
Zbtb6_1,640
Zbtb6_2,124
Zbtb6_3,436
Zbtb7a_1,604
Zbtb7a_2,168
Zbtb7a_3,320
Zbtb7b_1,448
Zbtb7b_2,744
Zbtb7b_3,388
Zbtb7c_1,320
Zbtb7c_2,556
Zbtb7c_3,432
Zbtb8a_1,736
Zbtb8a_2,160
Zbtb8a_3,168
Zbtb8b_1,584
Zbtb8b_2,484
Zbtb8b_3,528
Zbtb9_1,304
Zbtb9_2,552
Zbtb9_3,516
Zc3hc1_1,448
Zc3hc1_2,600
Zc3hc1_3,696
Zfp106_1,616
Zfp106_2,328
Zfp106_3,400
Zfp131_1,316
Zfp131_2,636
Zfp131_3,572
Zfp451_1,576
Zfp451_2,656
Zfp451_3,432
Zfp512b_1,200
Zfp512b_2,472
Zfp512b_3,764
Zfp598_1,552
Zfp598_2,788
Zfp598_3,428
Zfp651_1,564
Zfp651_2,440
Zfp651_3,600
Zfp91_1,692
Zfp91_2,364
Zfp91_3,504
Zmiz1_1,712
Zmiz1_2,340
Zmiz1_3,472
Zmiz2_1,496
Zmiz2_2,440
Zmiz2_3,632
Znrf1_1,192
Znrf1_2,500
Znrf1_3,656
Znrf2_1,716
Znrf2_2,368
Znrf2_3,520
Znrf3_1,504
Znrf3_2,588
Znrf3_3,348
Znrf4_1,444
Znrf4_2,360
Znrf4_3,656
Zpbp2_1,968
Zpbp2_2,484
Zpbp2_3,448
Zswim2_1,320
Zswim2_2,428
Zswim2_3,272